geoid,name,income_2023,population_2023,income_growth_pct,pop_change_pct,low_pop_flag,pct_renter_2023,median_rooms_2023
27053000101,Census Tract 1.01; Hennepin County; Minnesota,79821,3087,25.670697147175513,-3.4709193245778613,FALSE,12.244897959183673,6.3
27053000102,Census Tract 1.02; Hennepin County; Minnesota,84524,5038,102.73920030702071,-7.610489638730973,FALSE,27.365591397849464,5.5
27053000300,Census Tract 3; Hennepin County; Minnesota,91681,3112,23.476094276094276,-5.896583005745389,FALSE,21.209740769835037,6.6
27053000601,Census Tract 6.01; Hennepin County; Minnesota,97120,4206,41.327124563445864,-14.668289713937918,FALSE,16.500785751702463,6
27053000603,Census Tract 6.03; Hennepin County; Minnesota,130625,3297,57.409862142099676,15.887521968365553,FALSE,7.490909090909091,5.9
27053001100,Census Tract 11; Hennepin County; Minnesota,82466,2216,19.08447653429603,5.473584007615421,FALSE,40.27484143763213,5.7
27053001700,Census Tract 17; Hennepin County; Minnesota,65792,2232,43.59108666710317,0.08968609865470852,FALSE,57.58176412289395,5.1
27053002200,Census Tract 22; Hennepin County; Minnesota,63125,1342,111.99247741545489,-11.41914191419142,FALSE,38.37837837837838,7
27053002400,Census Tract 24; Hennepin County; Minnesota,79727,2330,42.67026949643892,-2.9571012078300707,FALSE,72.75471698113208,4.2
27053002700,Census Tract 27; Hennepin County; Minnesota,81167,2660,80.37111111111112,-7.798960138648179,FALSE,29.439252336448597,6.3
27053003200,Census Tract 32; Hennepin County; Minnesota,55486,1957,-17.16281986205249,5.555555555555555,FALSE,36.173393124065775,6.7
27053003300,Census Tract 33; Hennepin County; Minnesota,61278,2656,73.12614776098319,1.3740458015267176,FALSE,49.3730407523511,5.4
27053003801,Census Tract 38.01; Hennepin County; Minnesota,42361,2731,NA,NA,FALSE,97.84946236559139,3.1
27053003802,Census Tract 38.02; Hennepin County; Minnesota,34931,3895,NA,NA,FALSE,98.74739039665971,3.7
27053005901,Census Tract 59.01; Hennepin County; Minnesota,25625,3017,36.02824078989277,2.1672875042329833,FALSE,97.02009702009701,2.6
27053005902,Census Tract 59.02; Hennepin County; Minnesota,47641,3308,92.41114701130856,-1.7814726840855106,FALSE,89.45487042001787,3.4
27053006800,Census Tract 68; Hennepin County; Minnesota,46943,4059,32.964169381107496,4.640371229698376,FALSE,91.91685912240185,3.5
27053007700,Census Tract 77; Hennepin County; Minnesota,76534,5997,34.92824653573569,39.23844903645229,FALSE,91.0231923601637,2.7
27053007801,Census Tract 78.01; Hennepin County; Minnesota,54250,1830,73.75568509384408,-4.885654885654886,FALSE,87.09677419354838,3.9
27053008100,Census Tract 81; Hennepin County; Minnesota,75938,3753,21.217635603230853,11.829558998808105,FALSE,74.53283502402563,4.5
27053008200,Census Tract 82; Hennepin County; Minnesota,51191,3846,68.51339785370992,-6.605148130160273,FALSE,73.27707454289732,3.4
27053008300,Census Tract 83; Hennepin County; Minnesota,70404,2145,43.15575437169581,5.821410952146029,FALSE,61.6580310880829,6.2
27053008400,Census Tract 84; Hennepin County; Minnesota,93958,2466,83.33268292682928,-16.74544226873734,FALSE,29.178470254957507,7.2
27053008500,Census Tract 85; Hennepin County; Minnesota,64625,3639,30.584574349855526,-29.00897385875927,FALSE,44.66137888956681,5
27053009500,Census Tract 95; Hennepin County; Minnesota,76458,2476,8.474143434773355,-18.229854689564068,FALSE,37.25296442687747,5.4
27053009600,Census Tract 96; Hennepin County; Minnesota,86734,3371,22.897951086802504,-10.417220302949774,FALSE,26.23574144486692,5.9
27053010600,Census Tract 106; Hennepin County; Minnesota,156574,3154,13.341151262450776,8.236101578586135,FALSE,18.80952380952381,7.7
27053010700,Census Tract 107; Hennepin County; Minnesota,143080,2574,16.060057916467258,1.1394891944990178,FALSE,15.83756345177665,10
27053011000,Census Tract 110; Hennepin County; Minnesota,109722,3663,38.23244094488189,-2.1111704970603955,FALSE,19.87421383647799,6.5
27053011703,Census Tract 117.03; Hennepin County; Minnesota,156722,3917,29.081729304110766,-8.609426038264116,FALSE,11.271133375078271,7.1
27053011704,Census Tract 117.04; Hennepin County; Minnesota,173382,3283,54.03107593081208,1.9881950916433675,FALSE,4.666666666666667,8
27053011800,Census Tract 118; Hennepin County; Minnesota,121450,4513,21.70314253647587,-7.7661966073983235,FALSE,11.192087454450807,6.8
27053011998,Census Tract 119.98; Hennepin County; Minnesota,97766,4083,40.1964580196458,-0.9701673538685424,FALSE,19.55334987593052,5.4
27053012001,Census Tract 120.01; Hennepin County; Minnesota,146117,6420,45.57110834371108,8.739837398373984,FALSE,17.890625,6.4
27053012003,Census Tract 120.03; Hennepin County; Minnesota,97125,5519,62.93680484490597,-4.167390171904844,FALSE,45.40628828093099,5.1
27053012101,Census Tract 121.01; Hennepin County; Minnesota,84185,3011,47.338852232353815,-0.8561080013170892,FALSE,36.712095400340715,5.7
27053012102,Census Tract 121.02; Hennepin County; Minnesota,94704,3615,26.272000000000002,28.87700534759358,FALSE,19.408121128699243,5.9
27053020101,Census Tract 201.01; Hennepin County; Minnesota,159028,3223,50.67888308808899,-4.447079750963534,FALSE,0,8.3
27053020102,Census Tract 201.02; Hennepin County; Minnesota,94198,2550,34.112588627238814,14.042933810375672,FALSE,33.44947735191638,5.4
27053020201,Census Tract 202.01; Hennepin County; Minnesota,46094,2697,NA,NA,FALSE,67.65957446808511,4.6
27053020202,Census Tract 202.02; Hennepin County; Minnesota,69549,5537,NA,NA,FALSE,59.83263598326359,4.9
27053020301,Census Tract 203.01; Hennepin County; Minnesota,93879,2847,55.17190082644628,10.649047804119704,FALSE,16.911764705882355,6.1
27053020302,Census Tract 203.02; Hennepin County; Minnesota,60983,2925,15.928446505969127,16.209773539928488,FALSE,55.611222444889776,5
27053020303,Census Tract 203.03; Hennepin County; Minnesota,94095,4104,44.761538461538464,20,FALSE,15.555555555555555,6.2
27053020304,Census Tract 203.04; Hennepin County; Minnesota,65288,3732,15.21343992094164,-3.839216696727647,FALSE,39.793486894360605,5.4
27053020400,Census Tract 204; Hennepin County; Minnesota,60625,5050,5.478808546175795,-1.5786396413954396,FALSE,41.43348060873834,5.3
27053020500,Census Tract 205; Hennepin County; Minnesota,87228,3705,48.967637264110664,2.7739251040221915,FALSE,10.070257611241217,6.5
27053020600,Census Tract 206; Hennepin County; Minnesota,79457,2214,48.78194925568767,4.090267983074753,FALSE,21.372031662269126,5.8
27053020700,Census Tract 207; Hennepin County; Minnesota,90185,4066,42.12657988464084,-3.786086133459536,FALSE,20.105509964830013,6.2
27053020801,Census Tract 208.01; Hennepin County; Minnesota,78462,1872,38.057114704485066,-5.787619526925012,FALSE,13.205417607223477,5.9
27053020804,Census Tract 208.04; Hennepin County; Minnesota,76325,2966,32.951853400222966,-6.6120906801007555,FALSE,35.064935064935064,5.6
27053020902,Census Tract 209.02; Hennepin County; Minnesota,110250,2513,23.663813892970513,12.037449843958983,FALSE,10.991379310344827,7.2
27053020903,Census Tract 209.03; Hennepin County; Minnesota,99482,2928,36.181571778620416,-1.513622603430878,FALSE,8.195292066259809,6.7
27053021001,Census Tract 210.01; Hennepin County; Minnesota,82409,6415,26.925624162520982,3.2844952503622604,FALSE,30.333068992862806,6.8
27053021002,Census Tract 210.02; Hennepin County; Minnesota,84792,1738,30.8215690812312,-11.281265952016335,FALSE,40.99868593955322,5.4
27053021100,Census Tract 211; Hennepin County; Minnesota,82500,1651,22.600011888486,-15.506653019447286,FALSE,14.950980392156863,6
27053021200,Census Tract 212; Hennepin County; Minnesota,107370,4568,28.31789662384225,0.46184297338904773,FALSE,18.487830139823924,6.7
27053021300,Census Tract 213; Hennepin County; Minnesota,72135,4996,74.0793474588542,7.487091222030981,FALSE,46.32052330335241,5
27053021400,Census Tract 214; Hennepin County; Minnesota,91310,3103,27.72773052820054,-6.451612903225806,FALSE,24.78017585931255,6.2
27053021501,Census Tract 215.01; Hennepin County; Minnesota,78558,4728,50.65876531845118,10.725995316159251,FALSE,48.84634266077565,5
27053021502,Census Tract 215.02; Hennepin County; Minnesota,56200,4207,53.27133389696457,9.443288241415193,FALSE,64.84575835475579,4.3
27053021503,Census Tract 215.03; Hennepin County; Minnesota,64355,4147,26.897898016326856,-17.7998017839445,FALSE,54.48028673835126,4.9
27053021504,Census Tract 215.04; Hennepin County; Minnesota,72306,3468,7.329889561809762,-1.5891032917139614,FALSE,29.126213592233007,6.6
27053021505,Census Tract 215.05; Hennepin County; Minnesota,91607,5039,17.63791863570988,14.574806730331968,FALSE,43.71508379888268,5.5
27053021601,Census Tract 216.01; Hennepin County; Minnesota,91392,4681,-3.423788993152422,6.677301731996353,FALSE,23.647001462701123,6.7
27053021602,Census Tract 216.02; Hennepin County; Minnesota,76782,5408,26.116093426628563,-9.124516887917997,FALSE,45.294996265870054,5.9
27053021700,Census Tract 217; Hennepin County; Minnesota,155592,5227,32.0590731624512,-0.476009139375476,FALSE,5.59610705596107,7.6
27053021800,Census Tract 218; Hennepin County; Minnesota,139526,2257,36.493122811136544,-2.5053995680345573,FALSE,15.92554291623578,7
27053021900,Census Tract 219; Hennepin County; Minnesota,111597,4354,11.475491714031705,25.910931174089068,FALSE,48.69791666666667,5.5
27053022000,Census Tract 220; Hennepin County; Minnesota,86797,2348,7.5364868548207244,32.05849268841395,FALSE,61.59669649002064,3.6
27053022101,Census Tract 221.01; Hennepin County; Minnesota,103549,2539,13.850162723194654,-6.1714708056171474,FALSE,51.40898705255141,4.6
27053022102,Census Tract 221.02; Hennepin County; Minnesota,69813,2808,12.76894747044001,0.3215434083601286,FALSE,36.24070317782285,4.6
27053022200,Census Tract 222; Hennepin County; Minnesota,117658,4630,51.59769107869917,0.783630822812364,FALSE,25.433255269320842,6.3
27053022301,Census Tract 223.01; Hennepin County; Minnesota,84850,2007,21.005119721624048,-16.54885654885655,FALSE,28.128231644260598,5.2
27053022302,Census Tract 223.02; Hennepin County; Minnesota,63125,3956,24.010372669587255,21.610820780817708,FALSE,56.3659628918746,4.4
27053022400,Census Tract 224; Hennepin County; Minnesota,116048,3737,58.021732617990686,-1.8644957983193278,FALSE,14.78102189781022,6.9
27053022700,Census Tract 227; Hennepin County; Minnesota,102292,3881,41.1741974661183,-12.015416005440944,FALSE,37.534246575342465,5.9
27053022801,Census Tract 228.01; Hennepin County; Minnesota,166613,2454,17.782663405392412,16.74595623215985,FALSE,3.2679738562091507,10
27053022802,Census Tract 228.02; Hennepin County; Minnesota,73953,3559,35.30875491720794,3.069794381697075,FALSE,68.42615012106538,3.5
27053022901,Census Tract 229.01; Hennepin County; Minnesota,92036,5310,18.705583428991527,6.5837013247691685,FALSE,66.54758038324131,3.8
27053022902,Census Tract 229.02; Hennepin County; Minnesota,158500,2035,24.313725490196077,23.78345498783455,FALSE,7.087628865979381,7.8
27053023000,Census Tract 230; Hennepin County; Minnesota,132604,4338,99.52152390123531,-8.054260279779568,FALSE,47.71838331160365,4.4
27053023100,Census Tract 231; Hennepin County; Minnesota,195000,2062,30.20659446321497,9.216101694915254,FALSE,5,10
27053023201,Census Tract 232.01; Hennepin County; Minnesota,64633,2276,NA,NA,FALSE,55.0682261208577,4.4
27053023202,Census Tract 232.02; Hennepin County; Minnesota,57734,4092,NA,NA,FALSE,83.91242265587815,3.4
27053023300,Census Tract 233; Hennepin County; Minnesota,79179,5948,48.4003373629463,1.087695445275323,FALSE,55.521659548505184,4.6
27053023401,Census Tract 234.01; Hennepin County; Minnesota,73359,4597,NA,NA,FALSE,61.23456790123457,3.9
27053023402,Census Tract 234.02; Hennepin County; Minnesota,118349,1783,NA,NA,FALSE,48.401162790697676,5.8
27053023501,Census Tract 235.01; Hennepin County; Minnesota,102404,3643,38.852881355932205,-5.74385510996119,FALSE,33.63431151241535,5.4
27053023502,Census Tract 235.02; Hennepin County; Minnesota,120143,6533,5.475567573262163,15.220458553791888,FALSE,23.50523168908819,7.3
27053023600,Census Tract 236; Hennepin County; Minnesota,250001,4039,0,6.401475237091675,FALSE,9.878213802435724,10
27053023700,Census Tract 237; Hennepin County; Minnesota,202143,5444,52.00321838389004,9.935379644588044,FALSE,15.569143932267169,7.9
27053023801,Census Tract 238.01; Hennepin County; Minnesota,202337,5437,54.528860987643,0.5548363232846311,FALSE,12.111637704054766,8.3
27053023802,Census Tract 238.02; Hennepin County; Minnesota,179844,2858,70.49895241797101,1.4194464158977997,FALSE,4.2412818096135725,7.9
27053023901,Census Tract 239.01; Hennepin County; Minnesota,180978,4258,35.31065420560748,16.338797814207652,FALSE,4.473304473304474,10
27053023902,Census Tract 239.02; Hennepin County; Minnesota,250001,1850,28.94492526382026,-11.356013416387158,FALSE,1.1437908496732025,10
27053023903,Census Tract 239.03; Hennepin County; Minnesota,139000,3303,74.1789155796148,1.662049861495845,FALSE,17.75884665792923,7
27053024003,Census Tract 240.03; Hennepin County; Minnesota,86126,4650,2.9414928584234747,-9.42734709777951,FALSE,54.5940690325717,4.2
27053024004,Census Tract 240.04; Hennepin County; Minnesota,61061,3816,21.734883071831575,-9.808555896951075,FALSE,50.77893175074184,3.8
27053024005,Census Tract 240.05; Hennepin County; Minnesota,67569,3050,18.692032040472174,34.24295774647887,FALSE,71.95452084461289,3.2
27053024006,Census Tract 240.06; Hennepin County; Minnesota,158603,2182,15.307383604269056,3.559563360227812,FALSE,12.594187298170075,8
27053024100,Census Tract 241; Hennepin County; Minnesota,92606,3352,20.849808819115477,1.0856453558504222,FALSE,26.833976833976834,6
27053024200,Census Tract 242; Hennepin County; Minnesota,135119,3235,33.65282847166583,8.193979933110368,FALSE,10.32448377581121,6.8
27053024300,Census Tract 243; Hennepin County; Minnesota,71806,4683,16.829911164622043,-3.023400289915096,FALSE,69.46058091286307,3.7
27053024400,Census Tract 244; Hennepin County; Minnesota,70500,4182,76.38228671503627,4.367357125031195,FALSE,46.446917808219176,3.8
27053024500,Census Tract 245; Hennepin County; Minnesota,108421,2452,28.261821107049485,7.308533916849015,FALSE,7.142857142857142,7.2
27053024600,Census Tract 246; Hennepin County; Minnesota,85290,4079,59.09938815102224,2.358845671267252,FALSE,38.257173219978746,5.1
27053024700,Census Tract 247; Hennepin County; Minnesota,114213,3092,60.373225493912976,-3.0112923462986196,FALSE,15.776892430278885,6.4
27053024801,Census Tract 248.01; Hennepin County; Minnesota,72151,2765,13.623622047244094,16.127677446451074,FALSE,29.594721960414706,6.2
27053024802,Census Tract 248.02; Hennepin County; Minnesota,63135,2880,29.598078659988502,3.225806451612903,FALSE,60.65719360568384,4.7
27053024903,Census Tract 249.03; Hennepin County; Minnesota,86406,2224,44.55690696468305,-11.7810392701309,FALSE,46.682750301568156,4.6
27053024904,Census Tract 249.04; Hennepin County; Minnesota,80833,3781,NA,NA,FALSE,27.230359520639148,6
27053025100,Census Tract 251; Hennepin County; Minnesota,71066,3632,23.507125477928398,28.022559041240747,FALSE,76.14678899082568,3.3
27053025201,Census Tract 252.01; Hennepin County; Minnesota,70250,5465,30.641771892957433,2.609838527975967,FALSE,57.17552887364208,5.1
27053025205,Census Tract 252.05; Hennepin County; Minnesota,80037,5296,9.781087976298247,9.852727649865173,FALSE,33.41797866937532,5.7
27053025301,Census Tract 253.01; Hennepin County; Minnesota,101875,2882,41.77266275153775,4.571843251088534,FALSE,26.53910149750416,7.7
27053025302,Census Tract 253.02; Hennepin County; Minnesota,59058,4823,26.454403357386035,13.189392161464445,FALSE,43.56530028598665,5.4
27053025401,Census Tract 254.01; Hennepin County; Minnesota,78583,4141,11.642609535716316,-2.952894305132412,FALSE,21.722609246358456,5.8
27053025403,Census Tract 254.03; Hennepin County; Minnesota,63618,4365,16.269464142115652,1.0416666666666665,FALSE,42.49558563861095,5.4
27053025601,Census Tract 256.01; Hennepin County; Minnesota,84853,2527,14.748400881712579,1.4452027298273784,FALSE,53.205128205128204,4.6
27053025603,Census Tract 256.03; Hennepin County; Minnesota,100455,3639,19.35200256632647,-1.6752229127262903,FALSE,13.605898123324398,7
27053025605,Census Tract 256.05; Hennepin County; Minnesota,82647,3688,12.933508239731081,5.794606999426277,FALSE,37.851518560179976,5.5
27053025702,Census Tract 257.02; Hennepin County; Minnesota,112778,5510,49.976727794991824,20.226925594588696,FALSE,34.26605504587156,6.9
27053025703,Census Tract 257.03; Hennepin County; Minnesota,97094,1988,NA,NA,FALSE,34.70899470899471,6.8
27053025704,Census Tract 257.04; Hennepin County; Minnesota,89269,4380,NA,NA,FALSE,32.640332640332645,5.7
27053025801,Census Tract 258.01; Hennepin County; Minnesota,83507,3166,7.925040387722132,2.959349593495935,FALSE,54.398003742981906,4.9
27053025802,Census Tract 258.02; Hennepin County; Minnesota,123237,2475,24.1920367627052,7.328707718993929,FALSE,2.1668472372697725,7.6
27053025803,Census Tract 258.03; Hennepin County; Minnesota,98097,3056,58.20310610092408,-3.2911392405063293,FALSE,26.992481203007518,6.7
27053025805,Census Tract 258.05; Hennepin County; Minnesota,118839,2788,74.58864664747018,4.068682344158268,FALSE,11.526794742163801,7.9
27053025905,Census Tract 259.05; Hennepin County; Minnesota,130357,3495,27.31294742701995,-1.5770205575894116,FALSE,18.940397350993376,7.6
27053025906,Census Tract 259.06; Hennepin County; Minnesota,91352,5785,12.241211957389819,-8.160025400857279,FALSE,32.732732732732735,6.3
27053025907,Census Tract 259.07; Hennepin County; Minnesota,107417,4637,36.262384087478274,-2.42003367003367,FALSE,6.043956043956044,6.2
27053025908,Census Tract 259.08; Hennepin County; Minnesota,106875,4134,NA,NA,FALSE,34.201474201474205,5.4
27053025909,Census Tract 259.09; Hennepin County; Minnesota,119750,3000,NA,NA,FALSE,15.039370078740157,7
27053026005,Census Tract 260.05; Hennepin County; Minnesota,115753,4123,22.706794016939988,2.2823120813693873,FALSE,20.982142857142858,7.1
27053026006,Census Tract 260.06; Hennepin County; Minnesota,118831,3518,77.81086338470746,20.1092523045408,FALSE,47.164393395549176,5.4
27053026007,Census Tract 260.07; Hennepin County; Minnesota,101598,4597,41.304589707927676,-5.85705508908458,FALSE,41.348420556341345,6.2
27053026013,Census Tract 260.13; Hennepin County; Minnesota,154875,5171,19.967931090575302,13.374260030695023,FALSE,4.169113329418673,8
27053026014,Census Tract 260.14; Hennepin County; Minnesota,145811,5339,17.637899458648317,3.7504858142246404,FALSE,5.685279187817259,7.8
27053026015,Census Tract 260.15; Hennepin County; Minnesota,112813,5092,-2.563460325960218,-4.911297852474323,FALSE,13.172175629008386,7.3
27053026019,Census Tract 260.19; Hennepin County; Minnesota,88932,4444,22.734235912723058,-27.314360484134774,FALSE,82.52562907735322,3.5
27053026020,Census Tract 260.20; Hennepin County; Minnesota,88523,4988,14.260083898031622,-1.2668250197941409,FALSE,48.18104906937394,4.4
27053026021,Census Tract 260.21; Hennepin County; Minnesota,146442,3736,2.8868920067728494,-9.583736689254598,FALSE,12.148922273024167,7.7
27053026023,Census Tract 260.23; Hennepin County; Minnesota,136900,3603,NA,NA,FALSE,18.61057998725303,5.9
27053026024,Census Tract 260.24; Hennepin County; Minnesota,105375,3360,NA,NA,FALSE,3.3374536464771323,7.4
27053026025,Census Tract 260.25; Hennepin County; Minnesota,221472,2571,NA,NA,FALSE,2.857142857142857,10
27053026026,Census Tract 260.26; Hennepin County; Minnesota,226827,5302,NA,NA,FALSE,3.4757834757834756,10
27053026027,Census Tract 260.27; Hennepin County; Minnesota,129188,3989,NA,NA,FALSE,10.16561964591662,8.2
27053026028,Census Tract 260.28; Hennepin County; Minnesota,207750,3416,NA,NA,FALSE,16.368515205724506,8
27053026101,Census Tract 261.01; Hennepin County; Minnesota,161458,3281,65.66421440371019,-3.7547667937811675,FALSE,5.491990846681922,7.9
27053026103,Census Tract 261.03; Hennepin County; Minnesota,124898,3342,24.714669435929185,19.78494623655914,FALSE,4.862745098039216,7.2
27053026104,Census Tract 261.04; Hennepin County; Minnesota,90014,4611,37.16419047619048,8.878394332939788,FALSE,52.76401067479984,4.2
27053026201,Census Tract 262.01; Hennepin County; Minnesota,151558,3748,31.664769913733938,9.143855562026792,FALSE,2.359208523592085,10
27053026202,Census Tract 262.02; Hennepin County; Minnesota,149861,2858,26.684137114840016,1.0608203677510608,FALSE,7.666098807495741,8.1
27053026205,Census Tract 262.05; Hennepin County; Minnesota,152450,2863,32.227175742016065,-12.392900856793146,FALSE,6.411398040961709,7.4
27053026206,Census Tract 262.06; Hennepin County; Minnesota,127625,2997,34.82605985696024,-13.231036479444121,FALSE,28.66043613707165,7.7
27053026207,Census Tract 262.07; Hennepin County; Minnesota,114476,3690,35.439293911644306,-3.7307591964518654,FALSE,33.626649905719674,6.4
27053026208,Census Tract 262.08; Hennepin County; Minnesota,151328,2992,57.33668811927512,-3.5149951628506932,FALSE,4.121110176619007,7.8
27053026301,Census Tract 263.01; Hennepin County; Minnesota,170658,3749,42.104868726736775,-1.4458464773922188,FALSE,39.32261768082664,6.3
27053026302,Census Tract 263.02; Hennepin County; Minnesota,136058,3335,29.386815778462477,-1.9406057042046458,FALSE,0.8948545861297539,8.3
27053026403,Census Tract 264.03; Hennepin County; Minnesota,94727,3592,45.45412667946257,8.947528055808311,FALSE,52.637889688249395,4.4
27053026404,Census Tract 264.04; Hennepin County; Minnesota,152000,6046,20.800782026115222,11.735353908704491,FALSE,27.835433654558933,7.1
27053026405,Census Tract 264.05; Hennepin County; Minnesota,103500,2439,NA,NA,FALSE,32.98969072164948,6
27053026406,Census Tract 264.06; Hennepin County; Minnesota,79838,3713,NA,NA,FALSE,54.86552567237164,3.9
27053026505,Census Tract 265.05; Hennepin County; Minnesota,128828,3905,30.355769619945765,9.38375350140056,FALSE,24.384080859128236,7.7
27053026507,Census Tract 265.07; Hennepin County; Minnesota,110671,4609,42.56582676353893,-5.7078559738134205,FALSE,47.358578775128564,6.3
27053026508,Census Tract 265.08; Hennepin County; Minnesota,130739,4763,31.170551113162304,0.612589776087875,FALSE,19.461797212878423,7.5
27053026509,Census Tract 265.09; Hennepin County; Minnesota,167083,4888,22.249293940325153,8.18946436476317,FALSE,2.877697841726619,8.5
27053026510,Census Tract 265.10; Hennepin County; Minnesota,84898,3546,17.400262739403995,-0.9220452640402346,FALSE,45.17704517704518,4.6
27053026511,Census Tract 265.11; Hennepin County; Minnesota,82061,3652,30.23695027694456,-5.3886010362694305,FALSE,57.911595131326074,4.2
27053026514,Census Tract 265.14; Hennepin County; Minnesota,86360,5088,23.533787263260287,5.363429281424725,FALSE,56.540825285338016,4.1
27053026515,Census Tract 265.15; Hennepin County; Minnesota,88988,2043,NA,NA,FALSE,33.56086461888509,5.8
27053026516,Census Tract 265.16; Hennepin County; Minnesota,100177,3631,NA,NA,FALSE,31.212484993997595,6.4
27053026605,Census Tract 266.05; Hennepin County; Minnesota,156272,4092,31.69173724350061,12.945073143803478,FALSE,14.900449582530506,8
27053026606,Census Tract 266.06; Hennepin County; Minnesota,144212,4923,19.772434699555667,-3.0332873744337205,FALSE,28.689798032107717,8.2
27053026609,Census Tract 266.09; Hennepin County; Minnesota,133144,2958,52.19066125621536,4.522968197879859,FALSE,1.2897678417884781,7.3
27053026610,Census Tract 266.10; Hennepin County; Minnesota,152614,4242,42.00349858567813,-8.380129589632828,FALSE,6.125,8.1
27053026611,Census Tract 266.11; Hennepin County; Minnesota,91042,4897,18.36702853799649,-1.2900624874017335,FALSE,28.223740392826645,4.9
27053026614,Census Tract 266.14; Hennepin County; Minnesota,159904,3363,NA,NA,FALSE,7.296466973886329,7.8
27053026615,Census Tract 266.15; Hennepin County; Minnesota,185351,6935,NA,NA,FALSE,18.68829337094499,6.7
27053026616,Census Tract 266.16; Hennepin County; Minnesota,240008,10761,NA,NA,FALSE,5.542791499138426,8.3
27053026617,Census Tract 266.17; Hennepin County; Minnesota,114125,1771,NA,NA,FALSE,34.088050314465406,6.5
27053026702,Census Tract 267.02; Hennepin County; Minnesota,66875,2601,26.346117513697337,-4.760161113145369,FALSE,51.302083333333336,5.1
27053026706,Census Tract 267.06; Hennepin County; Minnesota,97857,3226,-2.5658641495907757,-16.769865841073273,FALSE,0.8461538461538461,7.6
27053026707,Census Tract 267.07; Hennepin County; Minnesota,110268,5318,14.441688375037623,10.676378772112383,FALSE,7.960199004975125,7.4
27053026708,Census Tract 267.08; Hennepin County; Minnesota,149821,5718,99.76133333333334,-2.572840347589027,FALSE,8.051033875934888,7.1
27053026711,Census Tract 267.11; Hennepin County; Minnesota,100799,3766,33.67858469046735,20.86007702182285,FALSE,7.090788601722996,6
27053026712,Census Tract 267.12; Hennepin County; Minnesota,100000,3323,33.19481073017395,-1.6281823564239195,FALSE,33.28173374613003,6.3
27053026713,Census Tract 267.13; Hennepin County; Minnesota,107397,4198,17.22259817939706,-5.151378219611387,FALSE,15.795206971677562,7.1
27053026717,Census Tract 267.17; Hennepin County; Minnesota,113628,6251,NA,NA,FALSE,32.18487394957983,6.1
27053026718,Census Tract 267.18; Hennepin County; Minnesota,135856,3761,NA,NA,FALSE,31.46067415730337,7.4
27053026719,Census Tract 267.19; Hennepin County; Minnesota,179758,6247,NA,NA,FALSE,3.5305818000994535,10
27053026720,Census Tract 267.20; Hennepin County; Minnesota,162366,5010,NA,NA,FALSE,0.7986309184255562,8.3
27053026721,Census Tract 267.21; Hennepin County; Minnesota,121623,2762,NA,NA,FALSE,1.4705882352941175,8.1
27053026722,Census Tract 267.22; Hennepin County; Minnesota,190164,5011,NA,NA,FALSE,18.341570565623282,8
27053026723,Census Tract 267.23; Hennepin County; Minnesota,192336,4470,NA,NA,FALSE,8.681462140992167,7.9
27053026724,Census Tract 267.24; Hennepin County; Minnesota,111711,4784,NA,NA,FALSE,48.971193415637856,4.3
27053026725,Census Tract 267.25; Hennepin County; Minnesota,123909,2521,NA,NA,FALSE,21.73566878980892,6.2
27053026726,Census Tract 267.26; Hennepin County; Minnesota,141607,4173,NA,NA,FALSE,16.56590084643289,7.6
27053026807,Census Tract 268.07; Hennepin County; Minnesota,61667,5412,2.4726233403679023,-5.052631578947368,FALSE,44.913627639155465,6.2
27053026809,Census Tract 268.09; Hennepin County; Minnesota,61431,5387,51.906528189910986,-2.5330197213678307,FALSE,74.38963627304435,4.2
27053026811,Census Tract 268.11; Hennepin County; Minnesota,73813,5608,-4.150164266514303,-6.843853820598006,FALSE,21.37359384251036,6.5
27053026812,Census Tract 268.12; Hennepin County; Minnesota,110560,8133,31.20824086491105,10.758545553588451,FALSE,24.83681462140992,6.2
27053026814,Census Tract 268.14; Hennepin County; Minnesota,118536,6606,47.38517394872305,-3.7867754150888437,FALSE,9.503135552339605,6.9
27053026815,Census Tract 268.15; Hennepin County; Minnesota,103095,5905,25.572472594397077,5.484101464808861,FALSE,15.39753639417693,6.9
27053026816,Census Tract 268.16; Hennepin County; Minnesota,82813,6564,32.132941889778856,0.659408066247508,FALSE,26.210045662100455,6.4
27053026818,Census Tract 268.18; Hennepin County; Minnesota,86875,7005,51.52704376188234,42.11807668898357,FALSE,30.250929368029738,6.4
27053026819,Census Tract 268.19; Hennepin County; Minnesota,41691,4895,24.220845003277518,-2.7225755166931638,FALSE,71.8734793187348,3.5
27053026822,Census Tract 268.22; Hennepin County; Minnesota,120333,4903,53.59372008424277,7.21626940739121,FALSE,10.893246187363834,7
27053026823,Census Tract 268.23; Hennepin County; Minnesota,145993,5427,37.13284677017875,27.874646559849197,FALSE,3.4212002243409985,7.6
27053026824,Census Tract 268.24; Hennepin County; Minnesota,129929,4825,NA,NA,FALSE,12.983266012694749,7.8
27053026825,Census Tract 268.25; Hennepin County; Minnesota,123932,2918,NA,NA,FALSE,9.507042253521126,7.7
27053026826,Census Tract 268.26; Hennepin County; Minnesota,117193,3680,NA,NA,FALSE,1.7017828200972445,7.6
27053026827,Census Tract 268.27; Hennepin County; Minnesota,43219,3501,NA,NA,FALSE,40.28393966282165,6.4
27053026828,Census Tract 268.28; Hennepin County; Minnesota,64529,3580,NA,NA,FALSE,66.9375,4
27053026903,Census Tract 269.03; Hennepin County; Minnesota,115536,4947,79.35638107952869,12.406271301976822,FALSE,17.146080090242528,6.7
27053026906,Census Tract 269.06; Hennepin County; Minnesota,109482,6853,23.876442634080107,-15.426385289398988,FALSE,4.259401381427475,7.5
27053026907,Census Tract 269.07; Hennepin County; Minnesota,128326,5742,18.715944308247376,0.6485539000876425,FALSE,17.18677224033535,7.2
27053026908,Census Tract 269.08; Hennepin County; Minnesota,115592,5908,26.421243738653015,-5.758494177699792,FALSE,5.982512655315232,7.2
27053026910,Census Tract 269.10; Hennepin County; Minnesota,137383,8381,42.365803108808294,52.74284672863131,FALSE,5.1417270929466055,7.8
27053026911,Census Tract 269.11; Hennepin County; Minnesota,138153,4614,NA,NA,FALSE,15.930902111324377,7.7
27053026912,Census Tract 269.12; Hennepin County; Minnesota,171156,9287,NA,NA,FALSE,10.368307025688642,7.4
27053027001,Census Tract 270.01; Hennepin County; Minnesota,139706,3271,27.585388127853882,-7.337110481586402,FALSE,8.40197693574959,7.8
27053027002,Census Tract 270.02; Hennepin County; Minnesota,130263,5584,32.18362811653323,-0.1966041108132261,FALSE,19.174757281553397,7.6
27053027101,Census Tract 271.01; Hennepin County; Minnesota,204647,7663,55.49856770536522,10.46561914372207,FALSE,7.675028079371023,10
27053027102,Census Tract 271.02; Hennepin County; Minnesota,143250,6854,26.71272257653625,18.683982683982684,FALSE,5.30938123752495,7.6
27053027202,Census Tract 272.02; Hennepin County; Minnesota,95972,1710,26.663939077987042,-3.2805429864253397,FALSE,30.962962962962965,6.8
27053027203,Census Tract 272.03; Hennepin County; Minnesota,68971,3585,-10.845257946510516,-6.713505074160812,FALSE,53.506097560975604,4.8
27053027204,Census Tract 272.04; Hennepin County; Minnesota,194643,3508,NA,NA,FALSE,2.911208151382824,10
27053027205,Census Tract 272.05; Hennepin County; Minnesota,225337,3391,NA,NA,FALSE,14.938488576449913,10
27053027300,Census Tract 273; Hennepin County; Minnesota,125344,4363,50.38633200556703,-3.4307215582115984,FALSE,39.69288040949279,5.8
27053027400,Census Tract 274; Hennepin County; Minnesota,177500,4340,26.872712717291858,1.615546710372278,FALSE,9.002293577981652,8.3
27053027501,Census Tract 275.01; Hennepin County; Minnesota,122090,4440,47.3787134389976,-2.610221539811362,FALSE,34.64606181455633,6.7
27053027503,Census Tract 275.03; Hennepin County; Minnesota,190365,4382,58.78834893148491,1.9306815538497324,FALSE,5.900060204695967,10
27053027504,Census Tract 275.04; Hennepin County; Minnesota,150469,3297,6.842146371944076,-4.101221640488656,FALSE,6.196746707978312,8.2
27053027601,Census Tract 276.01; Hennepin County; Minnesota,98750,4065,27.577386181592683,2.911392405063291,FALSE,29.984464008285862,5.8
27053027602,Census Tract 276.02; Hennepin County; Minnesota,83167,5111,-10.213004847398707,-6.426217502746247,FALSE,21.57726180944756,5.5
27053027701,Census Tract 277.01; Hennepin County; Minnesota,139318,3693,NA,NA,FALSE,4.073482428115016,8.2
27053027702,Census Tract 277.02; Hennepin County; Minnesota,116500,1982,NA,NA,FALSE,6.356968215158925,7.4
27053027703,Census Tract 277.03; Hennepin County; Minnesota,164333,4816,NA,NA,FALSE,1.4457831325301205,7.6
27053100200,Census Tract 1002; Hennepin County; Minnesota,65833,4361,55.83250485253042,21.34112409571508,FALSE,28.444444444444443,5.7
27053100400,Census Tract 1004; Hennepin County; Minnesota,61123,3572,86.6351145038168,12.71694540864626,FALSE,22.768974145120936,6.3
27053100500,Census Tract 1005; Hennepin County; Minnesota,58350,1953,3.733333333333334,-2.593516209476309,FALSE,41.9811320754717,5.7
27053100700,Census Tract 1007; Hennepin County; Minnesota,78750,3297,49.41372898721208,5.47024952015355,FALSE,17.089125102207685,6
27053100800,Census Tract 1008; Hennepin County; Minnesota,88966,4630,113.58332933211696,19.329896907216497,FALSE,27.66531713900135,5.9
27053100900,Census Tract 1009; Hennepin County; Minnesota,67104,5665,47.46187315958335,13.254698120751698,FALSE,36.42424242424242,5.9
27053101200,Census Tract 1012; Hennepin County; Minnesota,130984,4979,58.845500848896435,6.47989734816082,FALSE,30.319388214125055,5.8
27053101300,Census Tract 1013; Hennepin County; Minnesota,56734,2042,22.160974979544378,-3.3143939393939394,FALSE,52.51533742331288,5.2
27053101600,Census Tract 1016; Hennepin County; Minnesota,22155,2807,-30.918898693523744,9.6484375,FALSE,63.59918200408998,4.7
27053101800,Census Tract 1018; Hennepin County; Minnesota,71581,4462,37.93960649798624,10.336300692383778,FALSE,54.606741573033716,4.7
27053101900,Census Tract 1019; Hennepin County; Minnesota,66346,2445,36.094358974358975,-5.379256965944272,FALSE,67.50358680057388,4.2
27053102000,Census Tract 1020; Hennepin County; Minnesota,43529,2071,-32.76336113685511,-25.929899856938484,FALSE,41.360691144708426,5.4
27053102100,Census Tract 1021; Hennepin County; Minnesota,45789,2745,14.87167908481975,-0.18181818181818182,FALSE,51.44356955380578,5.6
27053102500,Census Tract 1025; Hennepin County; Minnesota,80441,2865,56.71952930174564,-5.445544554455446,FALSE,54.8233695652174,4.8
27053102600,Census Tract 1026; Hennepin County; Minnesota,78487,2139,25.631462688478408,8.52359208523592,FALSE,54.385964912280706,5.3
27053102800,Census Tract 1028; Hennepin County; Minnesota,64167,2692,82.92662067392668,-20.30787448194198,FALSE,50.5940594059406,5.7
27053103000,Census Tract 1030; Hennepin County; Minnesota,80806,1898,11.050642479213908,5.444444444444444,FALSE,76.61448140900195,3.5
27053103100,Census Tract 1031; Hennepin County; Minnesota,76910,2307,126.73938679245282,9.752616555661275,FALSE,62.73458445040214,5
27053103400,Census Tract 1034; Hennepin County; Minnesota,49860,3155,92.65097948301843,-0.4417797412432944,FALSE,62.77932960893855,4
27053103600,Census Tract 1036; Hennepin County; Minnesota,104563,3227,9.212161724616944,41.970963484381876,FALSE,52.43215565796211,3.8
27053103700,Census Tract 1037; Hennepin County; Minnesota,57325,4118,38.19246902270865,-1.8589132507149668,FALSE,80.59646539027983,2.8
27053103900,Census Tract 1039; Hennepin County; Minnesota,26929,4178,16.828633405639913,9.57251507998951,FALSE,97.24238026124819,3.7
27053104001,Census Tract 1040.01; Hennepin County; Minnesota,61786,2696,NA,NA,FALSE,75.65011820330969,5
27053104002,Census Tract 1040.02; Hennepin County; Minnesota,97628,4452,NA,NA,FALSE,83.26046221111805,4.4
27053104100,Census Tract 1041; Hennepin County; Minnesota,61683,4017,33.53321931894443,10.75268817204301,FALSE,74.9034749034749,4.3
27053104400,Census Tract 1044; Hennepin County; Minnesota,67130,2848,8.614050415817234,32.52675663099116,FALSE,86.18662747979427,2.6
27053104801,Census Tract 1048.01; Hennepin County; Minnesota,21589,4882,NA,NA,FALSE,100,2.6
27053104802,Census Tract 1048.02; Hennepin County; Minnesota,31339,4607,NA,NA,FALSE,75.3077975376197,3.3
27053104901,Census Tract 1049.01; Hennepin County; Minnesota,21489,7354,NA,NA,FALSE,100,3.1
27053104902,Census Tract 1049.02; Hennepin County; Minnesota,33775,4411,NA,NA,FALSE,92.55696202531645,3.6
27053105100,Census Tract 1051; Hennepin County; Minnesota,116902,2722,-3.393164088324739,-5.584460631286854,FALSE,14.390602055800294,6.6
27053105201,Census Tract 1052.01; Hennepin County; Minnesota,78828,3078,26.31275337702501,4.409769335142469,FALSE,67.96908544439674,3.3
27053105204,Census Tract 1052.04; Hennepin County; Minnesota,51547,2686,120.2863247863248,-0.25993316004455996,FALSE,87.45890089243777,2.6
27053105400,Census Tract 1054; Hennepin County; Minnesota,69388,3770,73.47,8.457997698504027,FALSE,68.61313868613139,2.8
27053105500,Census Tract 1055; Hennepin County; Minnesota,90662,4121,11.44135506551614,5.775154004106777,FALSE,60.28985507246377,3.9
27053105600,Census Tract 1056; Hennepin County; Minnesota,49353,4992,10.733918194260585,11.752854264607118,FALSE,74.93096041730593,2.6
27053105700,Census Tract 1057; Hennepin County; Minnesota,52875,2961,120.90157085561498,8.14463111760409,FALSE,76.53575025176234,3
27053106000,Census Tract 1060; Hennepin County; Minnesota,31346,2784,71.99451303155007,-9.10871694417238,FALSE,89.11149825783971,3.5
27053106200,Census Tract 1062; Hennepin County; Minnesota,47243,4287,56.54262898041684,4.970617042115573,FALSE,87.44959677419355,3.6
27053106400,Census Tract 1064; Hennepin County; Minnesota,70000,2044,121.77866489243733,9.18803418803419,FALSE,54.26136363636363,5
27053106500,Census Tract 1065; Hennepin County; Minnesota,133542,4777,25.310362300481376,12.267920094007051,FALSE,46.17777777777778,4.4
27053106600,Census Tract 1066; Hennepin County; Minnesota,92500,2578,-6.329113924050633,-2.790346907993967,FALSE,46.470588235294116,5
27053106700,Census Tract 1067; Hennepin County; Minnesota,62000,4980,10.956011310354702,8.615049073064341,FALSE,88.48350253807106,3.4
27053106900,Census Tract 1069; Hennepin County; Minnesota,61667,2755,78.98876730618524,5.8800922367409685,FALSE,74.00881057268722,3.4
27053107000,Census Tract 1070; Hennepin County; Minnesota,57207,3878,34.34234318859639,-3.339980059820538,FALSE,87.89007918025152,3.5
27053107400,Census Tract 1074; Hennepin County; Minnesota,58967,1906,17.816183816183816,-3.1995937023869985,FALSE,44.87594390507012,4.9
27053107500,Census Tract 1075; Hennepin County; Minnesota,94688,1904,42.38796992481203,0.21052631578947367,FALSE,29.774614472123368,6
27053107600,Census Tract 1076; Hennepin County; Minnesota,121250,3633,59.478620000263064,-1.837341259119157,FALSE,18.631178707224336,6.2
27053108000,Census Tract 1080; Hennepin County; Minnesota,111458,3644,38.438225832494936,11.642156862745098,FALSE,67.64705882352942,4.3
27053108600,Census Tract 1086; Hennepin County; Minnesota,68963,3259,36.83677923727132,8.705803869246164,FALSE,50.83955223880597,5.6
27053108700,Census Tract 1087; Hennepin County; Minnesota,93846,3993,50.62596302003082,3.9843749999999996,FALSE,36.7545871559633,4.8
27053108800,Census Tract 1088; Hennepin County; Minnesota,72743,3506,58.16790241569003,1.5348971908485376,FALSE,59.516023544800525,4.8
27053108900,Census Tract 1089; Hennepin County; Minnesota,92778,2417,18.159935811714362,7.85363676929942,FALSE,8.782608695652174,6.2
27053109000,Census Tract 1090; Hennepin County; Minnesota,143750,1793,59.52016334864727,4.365541327124563,FALSE,4.576659038901601,7.2
27053109100,Census Tract 1091; Hennepin County; Minnesota,87480,4997,3.5781098297378575,2.7766351295763063,FALSE,61.50289017341041,4.2
27053109200,Census Tract 1092; Hennepin County; Minnesota,77319,3575,37.258347978910365,3.5931614024920315,FALSE,66.15811373092927,3.7
27053109300,Census Tract 1093; Hennepin County; Minnesota,94038,3831,52.862576806788255,-7.419043015949735,FALSE,54.1372351160444,5
27053109400,Census Tract 1094; Hennepin County; Minnesota,85385,1994,53.15695067264574,-7.813222376329172,FALSE,44.166666666666664,6
27053109700,Census Tract 1097; Hennepin County; Minnesota,102863,2194,50.009479225911825,-12.624452409398646,FALSE,34.73792394655704,5.6
27053109800,Census Tract 1098; Hennepin County; Minnesota,109167,4319,-0.5620126794432704,2.7599333809183912,FALSE,27.63873775843308,7.1
27053109900,Census Tract 1099; Hennepin County; Minnesota,104514,3800,20.427257852649046,1.0638297872340425,FALSE,31.710016602102932,6
27053110000,Census Tract 1100; Hennepin County; Minnesota,103875,1545,71.81917427550614,-22.244589833920482,FALSE,16.374269005847953,6
27053110100,Census Tract 1101; Hennepin County; Minnesota,98804,3056,44.71051745097178,11.655096821337231,FALSE,28.074074074074073,6
27053110200,Census Tract 1102; Hennepin County; Minnesota,91777,3400,10.892680215557865,-1.220220801859384,FALSE,15.879828326180256,6.1
27053110400,Census Tract 1104; Hennepin County; Minnesota,78546,3486,34.84291845493562,1.48471615720524,FALSE,33.81253594019552,5.2
27053110500,Census Tract 1105; Hennepin County; Minnesota,99981,5241,34.99453168248653,12.976934684199183,FALSE,40.396039603960396,4.9
27053110800,Census Tract 1108; Hennepin County; Minnesota,100613,4304,12.345210312985026,-4.820875718708536,FALSE,21.83727034120735,6.1
27053110900,Census Tract 1109; Hennepin County; Minnesota,117049,3286,31.381396549595358,-2.9246676514032495,FALSE,11.883252258512856,6.6
27053111100,Census Tract 1111; Hennepin County; Minnesota,120395,3641,47.144376138155245,4.8675115207373265,FALSE,15.422885572139302,6.4
27053111200,Census Tract 1112; Hennepin County; Minnesota,172500,3516,35.58975648865762,7.326007326007327,FALSE,8.908839779005524,6.7
27053111300,Census Tract 1113; Hennepin County; Minnesota,177833,5214,26.709512850292487,5.760649087221095,FALSE,12.09016393442623,7.9
27053111400,Census Tract 1114; Hennepin County; Minnesota,212679,4056,37.11141483038281,-4.136138028834791,FALSE,6.083650190114068,8.1
27053111500,Census Tract 1115; Hennepin County; Minnesota,173327,5722,61.566569412466556,4.933064368237668,FALSE,18.961410195331112,7.6
27053111600,Census Tract 1116; Hennepin County; Minnesota,151071,3282,14.6466217908341,-0.091324200913242,FALSE,5.572065378900446,7.2
27053122500,Census Tract 1225; Hennepin County; Minnesota,111125,3568,35.76664630421503,2.853848371288556,FALSE,33.78465506125081,5.3
27053122600,Census Tract 1226; Hennepin County; Minnesota,120938,2371,23.82307771065834,3.042155584528466,FALSE,19.394512771996215,6
27053125500,Census Tract 1255; Hennepin County; Minnesota,82831,3966,69.24318581177721,3.903589206182866,FALSE,39.86666666666667,5.4
27053125600,Census Tract 1256; Hennepin County; Minnesota,56937,3921,-16.88029197080292,6.404341926729987,FALSE,62.745098039215684,4
27053125700,Census Tract 1257; Hennepin County; Minnesota,70947,3532,73.30353217059944,-5.13027128659683,FALSE,26.16740088105727,6.1
27053125800,Census Tract 1258; Hennepin County; Minnesota,51102,5024,2.7175879396984923,-5.546155292348185,FALSE,58.70469399881164,4.6
27053125900,Census Tract 1259; Hennepin County; Minnesota,61019,4453,53.16782971032682,-8.58140012317799,FALSE,57.438650306748464,4.8
27053126000,Census Tract 1260; Hennepin County; Minnesota,36838,5358,96.83676195565056,-1.8141836173721826,FALSE,86.31732168850073,3.7
27053126101,Census Tract 1261.01; Hennepin County; Minnesota,83750,2557,NA,NA,FALSE,62.536728697355535,2.9
27053126102,Census Tract 1261.02; Hennepin County; Minnesota,123452,7232,NA,NA,FALSE,72.15059308922125,3.1
27053126201,Census Tract 1262.01; Hennepin County; Minnesota,113462,3139,NA,NA,FALSE,86.13138686131386,2.5
27053126202,Census Tract 1262.02; Hennepin County; Minnesota,134575,4494,NA,NA,FALSE,69.49526813880126,2.9
27053126300,Census Tract 1263; Hennepin County; Minnesota,39922,2915,NA,NA,FALSE,57.904946653734235,5.6
27053980000,Census Tract 9800; Hennepin County; Minnesota,NA,0,NA,-100,TRUE,NA,NA
27053980100,Census Tract 9801; Hennepin County; Minnesota,26168,369,NA,NA,TRUE,100,NA
