zip_code,current_price,pct_change_1yr,pct_change_3yr,pct_change_5yr,income_2023,income_growth_pct,pop_change_pct,population_2023,pct_renter_2023,median_rooms_2023,permit_growth_pct,value_growth_pct,recent_permit_count,monthly_rent_estimate,rent_data_date,price_1bed,price_2bed,price_3bed,price_4bed,price_5bed,bed_price_spread,price_2bed_premium,price_3bed_premium,has_price_data,has_census_data,has_permit_data,has_rent_data,has_bedroom_data,data_completeness,neighborhoods
55407,304745.15582091553,1.8028911482937888,2.800776816570914,15.552011573810349,81458.086581411,39.21742165239872,-6.762898957870798,3562.5922413265616,39.059342234642784,5.510793611943952,121.50774367451348,139.01808352400516,1536,1534.642857142857,2026-03-31,145909.1993663007,271790.9607225405,338782.02902799135,369109.64193149336,388027.0067918209,242117.80742552024,86.27404022704381,24.64801188654655,TRUE,TRUE,TRUE,TRUE,TRUE,100,Phillips West / Ericsson / Bancroft / East Phillips / Northrop / Powderhorn Park / Corcoran
55423,328775.7845088377,2.8339984990828153,11.735944880661227,27.0943847236618,86906.59016811004,43.257579695523624,2.1858845491479615,3299.206455793132,38.242604914415466,5.1139836984207845,NA,NA,NA,1320.3768115942028,2026-03-31,149147.0233201049,305656.94256401696,350155.27957057516,391831.58022545953,427225.8345332648,278078.81121315993,104.93666971013202,14.558261504967597,TRUE,TRUE,FALSE,TRUE,TRUE,66.66666666666666,NA
55406,328908.6231220083,2.0549283178801496,6.337784774155483,18.68676782340187,92116.53857383491,45.25837283178187,4.111008285033511,3387.6701291409313,34.24308437905728,5.467956204379561,124.86922906971971,132.01904987374118,2603,1489.1851674641148,2026-03-31,206861.15994640533,297415.56956701074,370343.8379213973,441276.51149514294,483521.58914116886,276660.42919476354,43.77545289027032,24.520662607057993,TRUE,TRUE,TRUE,TRUE,TRUE,100,Howe / Hiawatha / Cooper / Standish / Seward / Longfellow
55433,300503.7830566247,2.9460683536289394,13.983358328260358,36.32451002844925,NA,NA,NA,NA,NA,NA,NA,NA,NA,1523.0059523809523,2026-03-31,NA,255552.3141038003,317718.25467233587,354834.8604339557,374387.7951825523,NA,NA,24.326111382143452,TRUE,FALSE,FALSE,TRUE,TRUE,33.33333333333333,NA
55443,373441.41982495546,0.6605616502611932,11.869496265389461,28.582480758833707,106513.47886734549,28.82911436061377,8.96582516743622,3004.411991531831,18.064399973648804,6.694810991770121,NA,NA,NA,1495.3452380952378,2026-03-31,NA,288201.6597825918,353133.51343693415,449590.06881397095,501137.4914857347,NA,NA,22.530006837338977,TRUE,TRUE,FALSE,TRUE,TRUE,66.66666666666666,NA
55434,317711.21057109296,2.829429828722352,14.305413317685044,36.21708189343768,NA,NA,NA,NA,NA,NA,NA,NA,NA,1888.3333333333333,2026-03-31,NA,265414.4865822326,327153.10495962907,366943.2495496,422937.6706324091,NA,NA,23.261208976348847,TRUE,FALSE,FALSE,TRUE,TRUE,33.33333333333333,NA
55432,305115.37477135955,3.148357353047261,14.47916779570376,36.12453890509541,NA,NA,NA,NA,NA,NA,NA,NA,NA,1476.4029304029302,2026-03-31,130174.91618037802,264448.33544650394,322073.4801146732,357069.16316412325,388028.83043025265,257853.91424987465,103.14845840197724,21.79070046739864,TRUE,FALSE,FALSE,TRUE,TRUE,33.33333333333333,NA
55408,289113.85737644543,0.5843110030171738,-0.06483152102295943,9.241566836448603,76301.44698402692,39.017528326326534,9.673032632083924,4048.3784678436314,74.5786968778019,3.9227931904161415,52.23160107868616,47.92018201693777,1410.6666666666667,1453.556698744199,2026-03-31,136258.01540894737,243296.61263448908,363802.8005515163,439275.88051235775,518400.2271930883,382142.21178414096,78.55581699490469,49.53056543292974,TRUE,TRUE,TRUE,TRUE,TRUE,100,Lowry Hill East / South Uptown / East Harriet / Central / East Isles / Lyndale / East Bde Maka Ska / West Maka Ska
55428,302795.36263303546,1.5328574453875363,11.723774199734725,28.441548347842772,70774.67961904763,36.122000562102336,2.8601035223804647,4546.463085714286,45.32273791913427,5.386666666666667,NA,NA,NA,1417.1005291005292,2026-03-31,98589.50164730196,270123.6700730436,317032.47166518593,358194.26717295655,388576.5402995262,289987.03865222423,173.9882701095243,17.36567609179077,TRUE,TRUE,FALSE,TRUE,TRUE,66.66666666666666,NA
55411,235309.34276159512,1.366478542248716,5.0763141350676655,25.311285185698306,57115.73294059891,41.34411961039279,-4.670738534596333,2416.684610624945,43.8289779628812,5.612449680903288,46.920825538062616,47.2990450338593,941.6666666666667,1899.0317460317465,2026-03-31,NA,193295.42475815947,239447.25412304708,267701.8462131102,284047.19547757483,NA,NA,23.876317518963642,TRUE,TRUE,TRUE,TRUE,TRUE,100,Sumner - Glenwood / Jordan / Hawthorne / Willard - Hay / Near - North
55418,336064.3484605675,2.2422494057811195,7.574136049446545,22.365656568057656,96958.857418882,40.28605110079206,2.1024791682752224,3362.042824843729,35.452222196120445,5.616510093943634,33.610652669073794,177.47217180501082,824.3333333333334,1745.288888888889,2026-03-31,178008.79879643905,288096.46581329947,358632.55308964197,413520.8616038197,467966.8490680908,289958.0502716517,61.84394690666417,24.483496205765093,TRUE,TRUE,TRUE,TRUE,TRUE,100,Bottineau / Holland / Audubon Park / Windom Park / Columbia Park / Waite Park / Marshall Terrace
55416,403229.25059482426,1.5857800528855719,7.891201420053171,16.257728830488393,108420.49927561573,28.89562028466793,7.315730787063003,4015.8636658839982,49.78068920984184,4.846975071189489,-16.448801742919393,-39.780534028686795,255.66666666666666,1883.5830212234705,2026-03-31,187991.91453604077,325960.171743946,468149.7850461441,642728.6895892035,868037.7625288684,680045.8479928277,73.39052721943246,43.62177518236597,TRUE,TRUE,TRUE,TRUE,TRUE,100,Cedar - Isles - Dean
55429,288671.3183249952,2.629435946341794,12.7666666542295,33.100319555988534,70679.68611893184,30.012191794235548,4.714996068672906,4186.700366862896,41.83422559608033,5.266333930552001,NA,NA,NA,NA,NA,NA,250133.56946336836,299290.32554913213,329117.38018380816,356052.421737832,NA,NA,19.65220269763219,TRUE,TRUE,FALSE,FALSE,TRUE,66.66666666666666,NA
55421,287256.6603755549,2.7370551583885807,12.0787139850381,34.17190890038854,114687.23364485979,46.156316751307116,-5.9823454782997505,30.411843575418995,11.942179797815395,6.361682242990653,NA,NA,NA,1480.2777777777776,2026-03-31,179010.5361453298,253267.6395990092,302390.4159607424,343082.09646629496,380218.40802754974,201207.87188221994,41.48197366069768,19.39559923230135,TRUE,TRUE,FALSE,TRUE,TRUE,66.66666666666666,NA
55448,322429.64787526237,2.276018979969908,13.591487639769676,33.962940496363544,NA,NA,NA,NA,NA,NA,NA,NA,NA,1762,2026-03-31,NA,255586.28615614597,331586.85540536133,380653.84089253127,438124.3135015089,NA,NA,29.735777451996835,TRUE,FALSE,FALSE,TRUE,TRUE,33.33333333333333,NA
55414,364394.4681370033,-0.06047132287261899,0.5580196027302646,10.683836368741275,55158.405827377675,11.402544487574682,7.381281191228249,1964.6461137646547,75.08117725295226,3.5060142935678944,14.62707074293555,-57.75237884073027,561.3333333333333,1601.192086834734,2026-03-31,230241.67710950095,343868.70482777915,351681.47394038056,372564.8428958897,399479.2559129507,169237.57880344978,49.351198768517555,2.2720209786215655,TRUE,TRUE,TRUE,TRUE,TRUE,100,Como / Prospect Park - East River Road / Marcy Holmes
55419,463298.02843040926,3.1918793178084606,9.686304313691025,18.686060601142856,150997.6325414459,41.003661542391264,1.263025525496812,4911.783968552385,19.534920114147514,7.087506409160826,18.02049945071606,87.32323288185536,1117.3333333333335,1866.5555555555557,2026-03-31,232001.3365109704,341109.9526526148,466559.64299856406,638633.0246928907,860524.9293361129,628523.5928251426,47.02930499561372,36.776907085354615,TRUE,TRUE,TRUE,TRUE,TRUE,100,Windom / Field / Page / Tangletown / Lynnhurst / Regina / Kenny
55404,243157.9144838853,0.19372542233300732,-5.371977732114506,2.662948065793748,48889.36044163189,65.11082775350502,1.8121759814028087,3595.866635249764,81.75210884937395,3.3440285444997984,89.25677052335837,240.27474138121596,755.3333333333333,1328.8170924935632,2026-03-31,176738.38568508867,271251.1515132072,279188.17291425605,289927.17789921747,412111.2612063706,235372.87552128194,53.4760830035648,2.9260784172790575,TRUE,TRUE,TRUE,TRUE,TRUE,100,Ventura Village / Midtown Phillips / Elliot Park / Whittier
55422,325551.41127484775,1.8545325844079266,10.761965563609358,27.378703948635707,99761.87267284805,38.16348699029508,-0.32797730672732994,4325.545228882237,26.952657745729265,6.256625538439074,NA,NA,NA,1676.9166666666667,2026-03-31,194775.924435767,280682.758960191,336778.04797030403,414693.965643129,540478.610083175,345702.685647408,44.105468770476435,19.985299139114204,TRUE,TRUE,FALSE,TRUE,TRUE,66.66666666666666,NA
55426,356242.8107773562,2.9354162210396364,10.887030279961902,24.431080609006052,101287.86457349699,35.803274889038896,1.3482469830844883,3486.879603399433,34.09336783137092,5.4438463959710415,NA,NA,NA,1697.1566666666668,2026-03-31,147910.38540881046,278823.6745378521,376640.1851103993,454963.557684082,611047.2592878132,463136.87387900276,88.50851734799392,35.08185262054137,TRUE,TRUE,FALSE,TRUE,TRUE,66.66666666666666,NA
55427,352270.3258992019,1.3304224222287053,11.683373357720026,26.752807040698563,85669.61660280974,16.00805185748972,3.1062520574623824,4758.131460195828,34.66849217789668,6.242009365687527,NA,NA,NA,1569.613834422658,2026-03-31,117228.41092823465,299181.9245210397,362110.2048183184,421268.0826478603,486395.1531128302,369166.74218459555,155.21281245055357,21.033449931181703,TRUE,TRUE,FALSE,TRUE,TRUE,66.66666666666666,NA
55446,597616.272004271,1.0255338868003347,16.576622115166572,30.755153181763927,112554.87594936708,26.590436876109823,8.204146475429928,988.771967082559,40.93886173086836,5.56126582278481,NA,NA,NA,2064.196127946128,2026-03-31,NA,315738.5624651331,465628.974234371,740682.5790828274,901692.9107054184,NA,NA,47.47295059525402,TRUE,TRUE,FALSE,TRUE,TRUE,66.66666666666666,NA
55412,223272.43862975013,0.9625456763860143,5.7926488038502715,21.916050221752677,76082.29479517546,64.71941718942068,10.622301446210754,4266.554601760296,26.50323888358082,6.013354340975767,63.52726554133484,16.025704220440076,636.6666666666666,1898.222222222222,2026-03-31,151907.7913180904,201902.0116225757,244119.04391965247,268243.5894546813,285834.62048001733,133926.82916192693,32.910899349328886,20.909664028506526,TRUE,TRUE,TRUE,TRUE,TRUE,100,Webber - Camden / Victory / Cleveland / Folwell / McKinley
55417,362243.7147349823,3.53333156944132,9.81437975880554,22.29034134437856,118149.9440742303,34.608978758372245,-1.5948821001773212,3806.949978911852,16.99474036176366,6.2543315056938,31.965794213786005,140.94760565278594,1139.3333333333333,1970.4666666666665,2026-03-31,203731.82386980168,299407.2985749783,397623.6320443184,489553.9415742426,551281.453039165,347549.6291693633,46.96147753839365,32.803586932181794,TRUE,TRUE,TRUE,TRUE,TRUE,100,Minnehaha / Diamond Lake / Hale / Keewaydin / Wenonah / Morris Park
55420,318653.3252107078,3.0540255401198233,12.508641335823652,28.40786150417735,74732.04248241779,32.78941937048709,4.608777151126428,4389.466736361908,37.785216584659494,5.624139897357917,NA,NA,NA,1182.7260019887228,2026-02-28,182021.2966001976,292062.789823182,336672.71951731126,377148.08329535153,408122.04560128873,226100.74900109114,60.455284781695674,15.27408874000574,TRUE,TRUE,FALSE,TRUE,TRUE,66.66666666666666,NA
55430,272026.68464060576,2.8726166834937583,11.78410286255521,31.095540567366648,81301.70596616207,53.6882083350547,-1.4456579011630672,2419.422051461171,20.244761809160902,5.962226179875334,10.135135135135133,78.94236411335203,210,1819,2026-03-31,165669.61934394864,227129.02475454964,281217.54919546895,318511.369879655,346514.31608550466,180844.69674155602,37.09757145213475,23.814008138929353,TRUE,TRUE,TRUE,TRUE,TRUE,100,Shingle Creek / Lind - Bohanon / Humboldt Industrial Area / Camden Industrial
55447,471525.99053040333,1.5218037851162292,14.680637561563195,30.760180914809325,122052.45569620254,28.969399992232304,-0.2908636445292462,4510.241793606522,24.222902998639505,6.546170349710363,NA,NA,NA,1826.7310606060607,2026-03-31,NA,281571.9002271403,463475.3209742158,613449.9683723928,750519.2221937048,NA,NA,64.60283167472906,TRUE,TRUE,FALSE,TRUE,TRUE,66.66666666666666,NA
55410,549531.2859575973,2.5438682953845544,11.565196994385078,17.93194846422374,145038.3108472747,25.29180392896987,4.945218471887333,4347.658931462493,22.682469268636396,6.823885590933621,17.10227950829454,3.220398450897026,880,2505.361904761905,2026-03-31,214821.10637104817,434658.5480367777,558422.2725212041,774118.5872722544,1200029.6747789572,985208.568407909,102.33512217650389,28.473781326383662,TRUE,TRUE,TRUE,TRUE,TRUE,100,Fulton / Linden Hills / Armatage
55431,359776.5636589306,2.0859005896915694,12.054369893634242,26.224039691580277,100697.12316281191,29.625239078171663,5.925144432308419,3639.816679958983,32.026869870614604,6.291352398313775,NA,NA,NA,1743.5707070707074,2026-03-31,NA,334502.0367960005,373725.1458311468,419042.6050602231,455684.5603368445,NA,NA,11.725820688818981,TRUE,TRUE,FALSE,TRUE,TRUE,66.66666666666666,NA
55441,435507.9846435897,1.4579461045600066,12.84054653390073,27.553118972219387,106099.17914900297,34.872521634731235,-1.6821654538979518,2956.264953428347,44.40570313266845,5.991427225624117,NA,NA,NA,1721.3411588411589,2026-03-31,NA,320390.6656592399,446182.91369102173,558844.8626529768,674102.8652654554,NA,NA,39.26214509806335,TRUE,TRUE,FALSE,TRUE,TRUE,66.66666666666666,NA
55437,375127.6013023384,1.9905831189164842,12.578762571639125,25.84061227210814,94944.77024698448,37.072574431884924,3.803069090188609,1282.2802337118287,28.970311433955924,6.345031591039632,NA,NA,NA,1637.3005698005695,2026-03-31,155886.25494833893,280922.7303418739,391503.3917539545,475567.8647278068,535804.4052162193,379918.1502678803,80.21007075638089,39.363372724416976,TRUE,TRUE,FALSE,TRUE,TRUE,66.66666666666666,NA
55403,206641.9072821778,-10.500190499199679,-18.56638534904091,-15.524615267754738,63373.315575007546,46.3321238207359,9.18934411070236,3614.3955475601533,75.49649358413456,2.962881074554784,54.05060223489401,920.7034991535486,1750.6666666666667,1402.0286195286196,2026-03-31,152542.60732556044,282129.79085716273,551162.0805428018,1010704.9300698256,1255230.8040522828,1102688.1967267224,84.9514675300088,95.35763269389912,TRUE,TRUE,TRUE,TRUE,TRUE,100,Loring Park / Steven's Square - Loring Heights / Lowry Hill
55438,385358.0960083459,0.7713052473153814,11.22659435316705,25.238567043745526,106785.76932898283,24.33566082648225,-4.512869973360109,3915.7020563770793,20.045081636082752,6.595701517945808,NA,NA,NA,1675.1666666666667,2026-03-31,154698.91304849615,251394.63652900665,443087.46622721263,556947.3774314831,683244.7723167334,528545.8592682373,62.50575493713883,76.2517579312349,TRUE,TRUE,FALSE,TRUE,TRUE,66.66666666666666,NA
55444,322270.9856132371,1.86790027510496,13.512941921493882,31.706997656581336,111567.39964788732,38.11863270134758,0.8872554784915758,5084.26902074991,12.246218640393732,6.900902288732395,NA,NA,NA,NA,NA,NA,293291.1647318039,340367.6939889403,360500.6227524626,383926.8913272589,NA,NA,16.051124247191318,TRUE,TRUE,FALSE,FALSE,TRUE,66.66666666666666,NA
55405,442883.89010122814,2.2268461718782104,5.9475616422356525,14.429120657229852,74711.39014300909,20.133681872596483,6.372046039806834,3850.692316593381,68.58292917342686,4.146944805578537,149.2189273067826,249.0334669228767,717.3333333333334,1423.5902356902361,2026-03-31,164490.7113389894,320133.82499747997,462298.4157625193,696853.4036213071,1025662.2338702304,861171.522531241,94.6212174484033,44.40786310729846,TRUE,TRUE,TRUE,TRUE,TRUE,100,Harrison / Bryn - Mawr / Kenwood
55413,313865.6178800384,0.8050625072110108,2.0290152891036346,14.074121574079717,85710.97956403268,41.6410030141532,12.732675522403943,2499.4688816660646,61.84502978062458,4.320312112955164,-6.451457275808302,50.14839748156545,589.3333333333333,1753.3780952380955,2026-03-31,228434.5594739573,338243.672330112,376661.8066929087,411952.3106331296,459535.11418915185,231100.55471519454,48.07027146375087,11.358123597151032,TRUE,TRUE,TRUE,TRUE,TRUE,100,Sheridan / Logan Park / Mid - City Industrial / Northeast Park / St. Anthony West / St. Anthony East / Beltrami / Nicollet Island - East Bank
55436,594966.2407256236,3.4010070455502257,16.882735200137127,23.454510835176748,144098.86978774652,28.799650841359455,8.806276948010396,5530.626524160771,23.103398225167325,7.08083697124793,NA,NA,NA,1741.3989898989896,2026-03-31,143517.42732685758,268328.48975867545,608807.5212840202,823824.2249869289,1258883.2452605795,1115365.817933722,86.96578858507796,126.88888601861052,TRUE,TRUE,FALSE,TRUE,TRUE,66.66666666666666,NA
55435,234578.3196189569,-3.159931630328595,-1.0842359222831628,5.462276890731096,80856.4704121575,14.623376497719907,1.8344378667160046,3715.4298871747637,52.5901744939404,4.244853787704352,NA,NA,NA,1929.7619883040936,2026-03-31,132700.60543038524,212452.56544506823,581734.030854167,759780.2152449116,897859.4515347425,765158.8461043573,60.09916816583093,173.81831310696984,TRUE,TRUE,FALSE,TRUE,TRUE,66.66666666666666,NA
55445,343263.9609724031,0.933024183375126,12.270486530268043,29.750266923332227,99667.38028169013,30.805262263741383,6.8439958510572545,7518.162076939247,25.821319175858733,6.2696237124237975,NA,NA,NA,NA,NA,NA,224305.52156013896,355926.7600918908,409171.7121634779,468950.95490882295,NA,NA,58.67944650504854,TRUE,TRUE,FALSE,FALSE,TRUE,66.66666666666666,NA
55442,452105.25775420835,1.9734829905729994,15.158837148993204,30.07417539355073,126620.43438608343,24.316792270402576,2.3065296214386377,4401.569836176322,22.83257941868872,6.871727748691099,NA,NA,NA,2020.5,2026-03-31,202299.29331117027,288501.742017206,479406.3383305585,552389.7777101869,643871.8541327232,441572.5608215529,42.61134445657299,66.1710376438445,TRUE,TRUE,FALSE,TRUE,TRUE,66.66666666666666,NA
55401,299634.22588772146,-2.003172590373385,-7.81946050043477,-5.211980307402285,104563,9.212161724616944,41.970963484381876,27.91350015446401,52.43215565796211,3.8,-17.32552464616887,-43.40740884279949,282.3333333333333,1870.5258459196816,2026-03-31,270395.2348747826,414846.5067412442,735800.2606755487,NA,NA,465405.0258007661,53.42226978717118,77.36686912359511,TRUE,TRUE,TRUE,TRUE,TRUE,100,North Loop
55424,907995.579975398,2.1289041294206843,20.068321646801614,21.02958640647396,219279.12077523046,28.69612893334839,4.793089891148844,4479.192389506027,10.534035369360579,9.067643583077288,NA,NA,NA,2795,2026-03-31,NA,565095.2371222136,708227.1653566756,1048785.744027965,1653250.786078286,NA,NA,25.32881518580324,TRUE,TRUE,FALSE,TRUE,TRUE,66.66666666666666,NA
55409,349760.8775666332,2.1341666656820157,3.718338892787703,12.894618808668179,101223.64277631085,33.39872619567825,-3.6157202441204976,3447.794794417201,35.3424230864467,5.856393813655225,72.68947187928669,192.94275822665708,431.66666666666663,1557.5925925925928,2026-03-31,156809.51949707547,277157.266893908,391035.5965904246,494979.6911173654,601507.2721932711,444697.7526961956,76.7477304839755,41.08798263626539,TRUE,TRUE,TRUE,TRUE,TRUE,100,King Field / Bryant
55425,315883.2522687548,1.3461550562671893,8.44079228908157,24.201940562633208,76550.25207078313,24.79253125079661,16.352563746325153,4223.72609186747,57.85876926675007,4.6878388554216865,NA,NA,NA,1650.3214296814297,2026-03-31,247929.08156413137,324701.6192141398,339619.5574066933,379797.61593988,426485.38746465,178556.3059005186,30.965523352753532,4.594352879624887,TRUE,TRUE,FALSE,TRUE,TRUE,66.66666666666666,NA
55439,643105.8414490497,2.498921264468924,17.512114400454358,25.268896477729225,172178.53115074517,53.553368138096445,4.157909915661637,3359.0603469337893,10.510384197696528,8.504910823356951,NA,NA,NA,NA,NA,298206.50837637397,377683.3012799421,583881.5628815357,766319.1230187793,991670.8697031324,693464.3613267585,26.651595679883172,54.59554629574627,TRUE,TRUE,FALSE,FALSE,TRUE,66.66666666666666,NA
55415,375156.03302921215,5.94408449890262,-2.458550784282348,1.9049378173160614,64345.17142857143,49.24112988005024,15.453205011769853,870.5435637998876,76.98433761210043,2.7169230769230768,30.069930069930066,-50.7316454067548,93,2165.877694235589,2026-03-31,186925.9460752943,532730.0485080475,924655.2931717436,NA,NA,737729.3470964493,184.99523992964694,73.56920184271823,TRUE,TRUE,TRUE,TRUE,TRUE,100,Downtown East
