zip_code,price_2024,pct_change_1yr,pct_change_3yr,pct_change_5yr,income_2023,income_growth_pct,pop_change_pct,population_2023,pct_renter_2023,median_rooms_2023,permit_growth_pct,value_growth_pct,recent_permit_count,monthly_rent_estimate,rent_data_date,price_1bed,price_2bed,price_3bed,price_4bed,price_5bed,bed_price_spread,price_2bed_premium,price_3bed_premium,has_price_data,has_census_data,has_permit_data,has_rent_data,has_bedroom_data,data_completeness,neighborhoods,bedroom_data_reliable,price_3bed_clean,price_4bed_clean,price_5bed_clean,low_pop_flag,population_2023_clean,pop_change_pct_clean,rent_imputed,monthly_rent_final,pct_change_1yr_ann,pct_change_3yr_ann,pct_change_5yr_ann,pct_change_1yr_w,pct_change_3yr_w,pct_change_5yr_w,permit_growth_pct_w,income_growth_pct_w,pop_change_pct_w,price_blend_raw,score_price_blend,score_price_1yr_ann,score_price_3yr_ann,score_price_5yr_ann,score_income_growth,score_pop_change,score_permit_growth,score_permit_volume,score_rent_level,score_pct_renter,investment_score_raw,investment_score,rank,score_tier,is_mpls_city
55406,328908.6231220083,2.0549283178801496,6.337784774155483,18.68676782340187,92116.53857383491,45.25837283178187,4.111008285033511,3387.6701291409313,34.24308437905728,5.467956204379561,124.86922906971972,132.01904987374118,2603,1489.1851674641148,2026-03-31,206861.15994640533,297415.56956701074,370343.8379213973,441276.51149514294,483521.58914116886,276660.42919476354,43.77545289027032,24.520662607057993,TRUE,TRUE,TRUE,TRUE,TRUE,100,Howe / Hiawatha / Cooper / Standish / Seward / Longfellow,TRUE,370343.8379213973,441276.51149514294,483521.58914116886,FALSE,3387.6701291409313,4.111008285033511,FALSE,1489.1851674641148,2.0549283178801496,2.06947233519843,3.4857283347626833,2.0549283178801496,2.06947233519843,3.4857283347626833,124.86922906971972,45.25837283178187,4.111008285033511,2.418445929028095,62.34554380742458,73.41270717176953,52.893863488584614,52.30532343849009,78.39615124749754,49.63793589250984,98.3071757284203,100,15.075692751907036,66.68707797656896,75.33581923161098,75.33581923161098,1,High Opportunity,TRUE
55412,223272.43862975013,0.9625456763860144,5.7926488038502715,21.916050221752677,76082.29479517546,64.71941718942068,10.622301446210754,4266.554601760296,26.50323888358082,6.013354340975767,63.52726554133484,16.025704220440076,636.6666666666666,1898.222222222222,2026-03-31,151907.7913180904,201902.0116225757,244119.04391965247,268243.5894546813,285834.62048001733,133926.82916192693,32.910899349328886,20.909664028506526,TRUE,TRUE,TRUE,TRUE,TRUE,100,Webber - Camden / Victory / Cleveland / Folwell / McKinley,TRUE,244119.04391965247,268243.5894546813,285834.62048001733,FALSE,4266.554601760296,10.622301446210754,FALSE,1898.222222222222,0.9625456763860144,1.894755216137911,4.042834837070153,0.9625456763860144,1.894755216137911,4.042834837070153,63.52726554133484,53.68146632520679,10.622301446210754,2.1055017824578077,56.73174145480353,50.964439201381474,50.357676320989995,61.79585898009887,100,87.08183087168487,55.661405043200496,21.660026560424967,35.19751535137945,77.55128084829747,68.73269439101603,68.73269439101603,2,High Opportunity,TRUE
55439,643105.8414490497,2.498921264468924,17.512114400454358,25.268896477729225,172178.53115074517,53.553368138096445,4.157909915661637,3359.0603469337893,10.510384197696528,8.504910823356951,NA,NA,NA,NA,NA,298206.50837637397,377683.3012799421,583881.5628815357,766319.1230187793,991670.8697031324,693464.3613267585,26.651595679883172,54.59554629574627,TRUE,TRUE,FALSE,FALSE,TRUE,66.66666666666666,NA,TRUE,583881.5628815357,766319.1230187793,991670.8697031324,FALSE,3359.0603469337893,4.157909915661637,TRUE,3215.5292072452485,2.498921264468924,5.526341108884059,4.6089036059292265,2.498921264468924,5.314598943559839,4.6089036059292265,NA,53.553368138096445,4.157909915661637,4.152687921470366,93.45554181788431,82.53668284054667,100,71.43907037253524,99.67144922919806,49.907648787954734,NA,NA,100,100,67.42967228523736,67.42967228523736,3,High Opportunity,FALSE
55419,463298.02843040926,3.191879317808461,9.686304313691023,18.686060601142856,150997.6325414459,41.003661542391264,1.263025525496812,4911.783968552385,19.53492011414751,7.087506409160826,18.02049945071606,87.32323288185536,1117.3333333333337,1866.5555555555557,2026-03-31,232001.3365109704,341109.9526526148,466559.64299856406,638633.0246928907,860524.9293361129,628523.5928251426,47.02930499561372,36.776907085354615,TRUE,TRUE,TRUE,TRUE,TRUE,100,Windom / Field / Page / Tangletown / Lynnhurst / Regina / Kenny,TRUE,466559.64299856406,638633.0246928907,860524.9293361129,FALSE,4911.783968552385,1.263025525496812,FALSE,1866.5555555555557,3.191879317808461,3.1297902939241062,3.485605005791226,3.191879317808461,3.1297902939241062,3.485605005791226,18.02049945071606,41.003661542391264,1.263025525496812,3.24047513025041,77.09165589905491,96.77684693938996,68.28539933206821,52.303222479369914,67.48351692219762,33.26030326088175,24.02447985040885,40.8100929614874,33.63973215894936,87.33251341040001,61.49989644137552,61.49989644137552,4,Moderate Opportunity,TRUE
55417,362243.7147349823,3.53333156944132,9.81437975880554,22.29034134437856,118149.9440742303,34.608978758372245,-1.5948821001773212,3806.949978911852,16.99474036176366,6.2543315056938,31.965794213786005,140.94760565278594,1139.3333333333333,1970.4666666666665,2026-03-31,203731.82386980168,299407.2985749783,397623.6320443184,489553.9415742426,551281.453039165,347549.6291693633,46.96147753839365,32.803586932181794,TRUE,TRUE,TRUE,TRUE,TRUE,100,Minnehaha / Diamond Lake / Hale / Keewaydin / Wenonah / Morris Park,TRUE,397623.6320443184,489553.9415742426,551281.453039165,FALSE,3806.949978911852,-1.5948821001773212,FALSE,1970.4666666666665,3.53333156944132,3.1699145867884138,4.106640340934353,3.348725113614784,3.1699145867884138,4.106640340934353,31.965794213786005,34.608978758372245,-1.5948821001773212,3.4666797097141284,81.1494656209628,100,68.8678420670358,62.88281165371754,51.082207855164455,16.82559661397997,33.71943919628123,41.68658698539176,38.75144739249544,90.89809210014056,60.66543453866384,60.66543453866384,5,Moderate Opportunity,TRUE
55430,272026.68464060576,2.8726166834937583,11.78410286255521,31.095540567366648,81301.70596616207,53.6882083350547,-1.4456579011630672,2419.422051461171,20.244761809160902,5.962226179875334,10.135135135135132,78.94236411335203,210,1819,2026-03-31,165669.61934394864,227129.02475454964,281217.54919546895,318511.369879655,346514.31608550466,180844.696741556,37.09757145213475,23.814008138929353,TRUE,TRUE,TRUE,TRUE,TRUE,100,Shingle Creek / Lind - Bohanon / Humboldt Industrial Area / Camden Industrial,TRUE,281217.54919546895,318511.369879655,346514.31608550466,FALSE,2419.422051461171,-1.4456579011630672,FALSE,1819,2.8726166834937583,3.7831102683592244,5.564424333219464,2.8726166834937583,3.7831102683592244,5.564424333219464,10.135135135135132,53.68146632520679,-1.4456579011630672,3.909766029871371,89.09784571937205,90.21605688671596,77.76896765327919,87.71675405695036,100,17.683726496620828,18.54246690153946,4.661354581673307,31.30032441733502,86.33612863941921,60.4642272239474,60.4642272239474,6,Moderate Opportunity,FALSE
55407,304745.15582091553,1.8028911482937888,2.800776816570914,15.552011573810349,81458.086581411,39.21742165239872,-6.762898957870798,3562.5922413265616,39.059342234642784,5.510793611943952,121.50774367451348,139.01808352400516,1536,1534.642857142857,2026-03-31,145909.1993663007,271790.9607225405,338782.02902799135,369109.64193149336,388027.0067918209,242117.80742552024,86.27404022704381,24.64801188654655,TRUE,TRUE,TRUE,TRUE,TRUE,100,Phillips West / Ericsson / Bancroft / East Phillips / Northrop / Powderhorn Park / Corcoran,TRUE,338782.02902799135,369109.64193149336,388027.0067918209,FALSE,3562.5922413265616,-6.762898957870798,FALSE,1534.642857142857,1.8028911482937888,0.9250094645152362,2.9332065565164767,1.8028911482937888,0.9250094645152362,2.9332065565164767,121.50774367451348,39.21742165239872,-4.52076340142192,1.7343173268380396,50.07318530971643,68.23338839970064,36.28088324931106,42.89289053339993,62.9021055382199,0,95.9702251797254,57.49003984063745,17.311899855535934,59.92663263483466,60.43570890740907,60.43570890740907,7,Moderate Opportunity,TRUE
55421,287256.6603755549,2.7370551583885807,12.0787139850381,34.17190890038854,114687.2336448598,46.15631675130712,-5.9823454782997505,30.411843575418995,11.942179797815395,6.361682242990653,NA,NA,NA,1480.2777777777776,2026-03-31,179010.5361453298,253267.6395990092,302390.4159607424,343082.09646629496,380218.40802754974,201207.87188221992,41.48197366069768,19.39559923230135,TRUE,TRUE,FALSE,TRUE,TRUE,66.66666666666666,NA,TRUE,302390.4159607424,343082.09646629496,380218.40802754974,TRUE,NA,NA,FALSE,1480.2777777777776,2.7370551583885807,3.8742050245235804,6.0552860640887385,2.7370551583885807,3.8742050245235804,6.0552860640887385,NA,46.15631675130712,NA,4.02147283126762,91.10171737300334,87.43029178349792,79.09129572772034,96.0787830110827,80.69922964034642,NA,NA,NA,14.637510164271204,97.99022889027553,56.067812992393065,56.067812992393065,8,Moderate Opportunity,FALSE
55424,907995.579975398,2.1289041294206843,20.068321646801618,21.02958640647396,219279.1207752305,28.69612893334839,4.793089891148844,4479.192389506027,10.53403536936058,9.067643583077288,NA,NA,NA,2795,2026-03-31,NA,565095.2371222136,708227.1653566756,1048785.744027965,1653250.786078286,NA,NA,25.32881518580324,TRUE,TRUE,FALSE,TRUE,TRUE,66.66666666666666,NA,TRUE,708227.1653566756,1048785.744027965,1653250.786078286,FALSE,4479.192389506027,4.793089891148844,FALSE,2795,2.1289041294206843,6.286020476344989,3.891091681934289,2.1289041294206843,5.314598943559839,3.891091681934289,NA,28.69612893334839,4.793089891148844,3.8437289432047477,87.9132280917467,74.9328968724384,100,59.21085270024403,35.91672104016112,53.56031987897928,NA,NA,79.31284217981245,99.96680151725735,53.813722917874756,53.813722917874756,9,Moderate Opportunity,FALSE
55444,322270.9856132371,1.86790027510496,13.512941921493882,31.706997656581336,111567.39964788732,38.11863270134758,0.8872554784915758,5084.26902074991,12.246218640393732,6.900902288732395,NA,NA,NA,NA,NA,NA,293291.1647318039,340367.6939889403,360500.6227524626,383926.8913272589,NA,NA,16.051124247191318,TRUE,TRUE,FALSE,FALSE,TRUE,66.66666666666666,NA,TRUE,340367.6939889403,360500.6227524626,383926.8913272589,FALSE,5084.26902074991,0.8872554784915758,TRUE,1611.3549280661855,1.86790027510496,4.3154077122092405,5.662716044577731,1.86790027510496,4.3154077122092405,5.662716044577731,NA,38.11863270134758,0.8872554784915758,3.795607192314865,87.04998779369821,69.56931433237754,85.49577744555951,89.39119328217475,60.0838926894655,31.09939699724182,NA,NA,21.085608531563324,97.56345814031843,53.65141207046074,53.65141207046074,10,Moderate Opportunity,FALSE
55410,549531.2859575973,2.5438682953845544,11.565196994385078,17.93194846422374,145038.3108472747,25.29180392896987,4.945218471887333,4347.658931462493,22.682469268636396,6.823885590933621,17.10227950829454,3.220398450897026,880,2505.361904761905,2026-03-31,214821.10637104817,434658.5480367777,558422.2725212041,774118.5872722544,1200029.6747789572,985208.568407909,102.33512217650387,28.473781326383666,TRUE,TRUE,TRUE,TRUE,TRUE,100,Fulton / Linden Hills / Armatage,TRUE,558422.2725212041,774118.5872722544,1200029.6747789572,FALSE,4347.658931462493,4.945218471887333,FALSE,2505.361904761905,2.5438682953845544,3.7153201342379205,3.3537633208305273,2.5438682953845544,3.7153201342379205,3.3537633208305273,17.10227950829454,25.29180392896987,4.945218471887333,3.214922787287394,76.63328080364937,83.46033628956826,76.78492860105321,50.0572458271453,27.185187601007637,54.43515172259313,23.38612080790796,31.354581673306775,65.06463091720059,82.9143874176925,52.788886991450426,52.788886991450426,11,Moderate Opportunity,TRUE
55418,336064.3484605675,2.2422494057811195,7.574136049446545,22.365656568057656,96958.857418882,40.28605110079206,2.1024791682752224,3362.042824843729,35.452222196120445,5.616510093943634,33.610652669073794,177.47217180501082,824.3333333333334,1745.288888888889,2026-03-31,178008.79879643905,288096.46581329947,358632.55308964197,413520.8616038197,467966.8490680908,289958.0502716517,61.84394690666417,24.483496205765093,TRUE,TRUE,TRUE,TRUE,TRUE,100,Bottineau / Holland / Audubon Park / Windom Park / Columbia Park / Waite Park / Marshall Terrace,TRUE,358632.55308964197,413520.8616038197,467966.8490680908,FALSE,3362.042824843729,2.1024791682752224,FALSE,1745.288888888889,2.2422494057811195,2.463524137783857,4.119460460585689,2.2422494057811195,2.463524137783857,4.119460460585689,33.610652669073794,40.28605110079206,2.1024791682752224,2.8000620622833567,69.19123039445707,77.26212203610135,58.613904721284385,63.1012075990076,65.6429642255396,38.08767215090385,34.8629672553625,29.136786188579016,27.6742424178328,64.98984531835495,52.01258971747796,52.01258971747796,12,Moderate Opportunity,TRUE
55411,235309.34276159512,1.366478542248716,5.0763141350676655,25.311285185698303,57115.73294059891,41.34411961039279,-4.670738534596333,2416.684610624945,43.8289779628812,5.612449680903288,46.920825538062616,47.2990450338593,941.6666666666669,1899.0317460317465,2026-03-31,NA,193295.42475815947,239447.25412304708,267701.8462131102,284047.19547757483,NA,NA,23.87631751896364,TRUE,TRUE,TRUE,TRUE,TRUE,100,Sumner - Glenwood / Jordan / Hawthorne / Willard - Hay / Near - North,TRUE,239447.25412304708,267701.8462131102,284047.19547757483,FALSE,2416.684610624945,-4.670738534596333,FALSE,1899.0317460317465,1.366478542248716,1.664253657642134,4.615982196587498,1.366478542248716,1.664253657642134,4.615982196587498,46.920825538062616,41.34411961039279,-4.52076340142192,2.2979645019907786,60.184267023813874,59.265187373771234,47.0117243163381,71.55965703944467,68.35673584270651,0,44.11638118771689,33.811420982735726,35.2373383803589,53.231629458594014,48.41503619656474,48.41503619656474,13,Watch List,TRUE
55409,349760.8775666332,2.1341666656820157,3.718338892787703,12.89461880866818,101223.64277631084,33.39872619567825,-3.6157202441204976,3447.794794417201,35.3424230864467,5.856393813655225,72.68947187928669,192.94275822665708,431.66666666666663,1557.5925925925928,2026-03-31,156809.51949707547,277157.266893908,391035.5965904246,494979.6911173654,601507.2721932711,444697.7526961956,76.7477304839755,41.08798263626539,TRUE,TRUE,TRUE,TRUE,TRUE,100,King Field / Bryant,TRUE,391035.5965904246,494979.6911173654,601507.2721932711,FALSE,3447.794794417201,-3.6157202441204976,FALSE,1557.5925925925928,2.1341666656820157,1.2243937133578298,2.4553516607091153,2.1341666656820157,1.2243937133578298,2.4553516607091153,72.68947187928669,33.39872619567825,-3.6157202441204976,1.8505537335091162,52.158312065981704,75.04104105169473,40.62673381150773,34.752438297413306,47.978109184387584,5.204548481347819,62.031096001628306,13.492695883134129,18.44086971304064,65.14396723245878,48.16404842229481,48.16404842229481,14,Watch List,TRUE
55443,373441.41982495546,0.6605616502611932,11.86949626538946,28.582480758833707,106513.47886734548,28.82911436061377,8.96582516743622,3004.411991531831,18.064399973648804,6.694810991770121,NA,NA,NA,1495.3452380952378,2026-03-31,NA,288201.6597825918,353133.51343693415,449590.06881397095,501137.4914857347,NA,NA,22.530006837338977,TRUE,TRUE,FALSE,TRUE,TRUE,66.66666666666666,NA,TRUE,353133.51343693415,449590.06881397095,501137.4914857347,FALSE,3004.411991531831,8.96582516743622,FALSE,1495.3452380952378,0.6605616502611932,3.8095306536432894,5.156557468680156,0.6605616502611932,3.8095306536432894,5.156557468680156,NA,28.82911436061377,8.96582516743622,3.044148206218772,73.56981163358269,44.75872145768457,78.15248497820224,80.76857636000709,36.257806777743255,77.55608502019349,NA,NA,15.378726051696907,89.39664106549053,47.65695833533938,47.65695833533938,15,Watch List,FALSE
55436,594966.2407256236,3.4010070455502257,16.882735200137127,23.454510835176748,144098.86978774652,28.799650841359455,8.806276948010396,5530.626524160771,23.103398225167325,7.08083697124793,NA,NA,NA,1741.3989898989896,2026-03-31,143517.42732685758,268328.48975867545,608807.5212840202,823824.2249869289,1258883.2452605795,1115365.817933722,86.96578858507796,126.88888601861052,TRUE,TRUE,FALSE,TRUE,TRUE,66.66666666666666,NA,TRUE,608807.5212840202,823824.2249869289,1258883.2452605795,FALSE,5530.626524160771,8.806276948010396,FALSE,1741.3989898989896,3.4010070455502257,5.337608765595503,4.304103009423232,3.348725113614784,5.314598943559839,4.304103009423232,NA,28.799650841359455,8.806276948010396,4.373919119544918,97.42413568306834,100,100,66.24666841301334,36.1822376992113,76.63858574249014,NA,NA,27.482886019936505,82.32354131087942,45.37193765231537,45.37193765231537,16,Watch List,FALSE
55422,325551.41127484775,1.8545325844079263,10.761965563609358,27.378703948635707,99761.87267284804,38.16348699029508,-0.32797730672732994,4325.545228882237,26.952657745729265,6.256625538439074,NA,NA,NA,1676.9166666666667,2026-03-31,194775.924435767,280682.758960191,336778.04797030403,414693.965643129,540478.610083175,345702.685647408,44.105468770476435,19.985299139114204,TRUE,TRUE,FALSE,TRUE,TRUE,66.66666666666666,NA,TRUE,336778.04797030403,414693.965643129,540478.610083175,FALSE,4325.545228882237,-0.32797730672732994,FALSE,1676.9166666666667,1.8545325844079263,3.4658153929587376,4.95892286780184,1.8545325844079263,3.4658153929587376,4.95892286780184,NA,38.16348699029508,-0.32797730672732994,3.2751432786767296,77.71355643731272,69.29461067862684,73.163127105648,77.40179066262505,60.198936559639705,24.111069539296413,NA,NA,24.31079719866835,76.9204442643352,45.229058354560266,45.229058354560266,17,Watch List,FALSE
55437,375127.6013023384,1.990583118916484,12.578762571639125,25.84061227210814,94944.77024698448,37.07257443188493,3.803069090188609,1282.2802337118287,28.970311433955924,6.345031591039632,NA,NA,NA,1637.3005698005695,2026-03-31,155886.25494833893,280922.7303418739,391503.3917539545,475567.8647278068,535804.4052162193,379918.1502678803,80.21007075638089,39.363372724416976,TRUE,TRUE,FALSE,TRUE,TRUE,66.66666666666666,NA,TRUE,391503.3917539545,475567.8647278068,535804.4052162193,FALSE,1282.2802337118287,3.803069090188609,FALSE,1637.3005698005695,1.990583118916484,4.02845700922454,4.704214862675871,1.990583118916484,4.02845700922454,4.704214862675871,NA,37.07257443188493,3.803069090188609,3.484140610979553,81.46269099896396,72.09042483765202,81.33041177014468,73.0627363429069,57.40092536191342,47.86709827449365,NA,NA,22.36195646663606,74.0883206765198,44.6269660800471,44.6269660800471,18,Watch List,FALSE
55445,343263.9609724031,0.933024183375126,12.270486530268045,29.750266923332227,99667.38028169012,30.805262263741383,6.8439958510572545,7518.162076939247,25.821319175858733,6.2696237124237975,NA,NA,NA,NA,NA,NA,224305.52156013896,355926.7600918908,409171.7121634779,468950.95490882295,NA,NA,58.67944650504854,TRUE,TRUE,FALSE,FALSE,TRUE,66.66666666666666,NA,TRUE,355926.7600918908,409171.7121634779,468950.95490882295,FALSE,7518.162076939247,6.8439958510572545,TRUE,1716.3198048620156,0.933024183375126,3.9334160000003227,5.346873721038969,0.933024183375126,3.9334160000003227,5.346873721038969,NA,30.805262263741383,6.8439958510572545,3.2366432944411656,77.0229178538908,50.357777798296645,79.95080003383734,84.0106910179334,41.3263009651899,65.35427623665775,NA,NA,26.24916182213305,78.50847231306928,44.24882102120523,44.24882102120523,19,Watch List,FALSE
55447,471525.99053040333,1.5218037851162292,14.680637561563197,30.760180914809325,122052.45569620254,28.969399992232304,-0.2908636445292462,4510.241793606522,24.222902998639505,6.546170349710363,NA,NA,NA,1826.7310606060607,2026-03-31,NA,281571.9002271403,463475.3209742158,613449.9683723928,750519.2221937048,NA,NA,64.60283167472906,TRUE,TRUE,FALSE,TRUE,TRUE,66.66666666666666,NA,TRUE,463475.3209742158,613449.9683723928,750519.2221937048,FALSE,4510.241793606522,-0.2908636445292462,FALSE,1826.7310606060607,1.5218037851162292,4.671882013489359,5.51035944366618,1.5218037851162292,4.671882013489359,5.51035944366618,NA,28.969399992232304,-0.2908636445292462,3.7789739911029683,86.7516102553473,62.457093343355666,90.67034507433738,86.79573670437347,36.617616338209594,24.3244956645281,NA,NA,31.680639668022803,80.7521240284571,42.4246296456523,42.4246296456523,20,Watch List,FALSE
55442,452105.25775420835,1.9734829905729991,15.158837148993204,30.07417539355073,126620.43438608343,24.316792270402576,2.3065296214386377,4401.569836176322,22.83257941868872,6.871727748691099,NA,NA,NA,2020.5,2026-03-31,202299.29331117027,288501.742017206,479406.3383305585,552389.7777101869,643871.8541327232,441572.5608215529,42.61134445657299,66.1710376438445,TRUE,TRUE,FALSE,TRUE,TRUE,66.66666666666666,NA,TRUE,479406.3383305585,552389.7777101869,643871.8541327232,FALSE,4401.569836176322,2.3065296214386377,FALSE,2020.5,1.9734829905729991,4.817168495340618,5.3994188492572315,1.9734829905729991,4.817168495340618,5.3994188492572315,NA,24.316792270402576,2.3065296214386377,3.9674411571511046,90.13246090153511,71.73902025760714,92.77931821261639,84.90581861890077,24.68444313936098,39.26108633293749,NA,NA,41.21274483653502,82.70368203291095,42.042052999510204,42.042052999510204,21,Watch List,FALSE
55403,206641.9072821778,-10.50019049919968,-18.56638534904091,-15.524615267754738,63373.315575007546,46.3321238207359,9.18934411070236,3614.3955475601538,75.49649358413456,2.962881074554784,54.05060223489401,920.7034991535486,1750.6666666666667,1402.0286195286196,2026-03-31,152542.60732556044,282129.79085716273,551162.0805428018,1010704.9300698256,1255230.8040522828,1102688.1967267224,84.9514675300088,95.35763269389912,TRUE,TRUE,TRUE,TRUE,TRUE,100,Loring Park / Steven's Square - Loring Heights / Lowry Hill,FALSE,NA,NA,NA,FALSE,3614.3955475601538,9.18934411070236,FALSE,1402.0286195286196,-10.50019049919968,-6.616982298310892,-3.3179087549957686,-1.5174972734981935,-1.574368924936459,0.41533934932314054,54.05060223489401,46.3321238207359,9.18934411070236,-1.057036778368166,0,0,0,0,81.15014584358278,78.84145485846389,49.073099306288356,66.04249667994688,10.788187315565667,8.780830750273125,41.49118297546257,41.49118297546257,22,Watch List,TRUE
55423,328775.7845088377,2.8339984990828153,11.735944880661227,27.0943847236618,86906.59016811004,43.257579695523624,2.1858845491479615,3299.206455793132,38.242604914415466,5.1139836984207845,NA,NA,NA,1320.3768115942028,2026-03-31,149147.0233201049,305656.94256401696,350155.27957057516,391831.58022545953,427225.8345332648,278078.81121315993,104.93666971013202,14.558261504967597,TRUE,TRUE,FALSE,TRUE,TRUE,66.66666666666666,NA,TRUE,350155.27957057516,391831.58022545953,427225.8345332648,FALSE,3299.206455793132,2.1858845491479615,FALSE,1320.3768115942028,2.8339984990828153,3.7682044426934347,4.912025673618059,2.8339984990828153,3.7682044426934347,4.912025673618059,NA,43.257579695523624,2.1858845491479615,3.727187670160874,85.8226324376618,89.42246010180097,77.55259524524467,76.60287791190424,73.26444609255543,38.56730380698065,NA,NA,6.771477398773058,61.07306378065629,41.34905379106129,41.34905379106129,23,Watch List,FALSE
55438,385358.0960083459,0.7713052473153814,11.22659435316705,25.23856704374553,106785.76932898285,24.33566082648225,-4.512869973360109,3915.7020563770793,20.045081636082752,6.595701517945808,NA,NA,NA,1675.1666666666667,2026-03-31,154698.91304849615,251394.63652900665,443087.46622721263,556947.3774314831,683244.7723167334,528545.8592682373,62.50575493713883,76.2517579312349,TRUE,TRUE,FALSE,TRUE,TRUE,66.66666666666666,NA,TRUE,443087.46622721263,556947.3774314831,683244.7723167334,FALSE,3915.7020563770793,-4.512869973360109,FALSE,1675.1666666666667,0.7713052473153814,3.610287768893583,4.60383764584571,0.7713052473153814,3.610287768893583,4.60383764584571,NA,24.33566082648225,-4.512869973360109,2.8650313555792444,70.35669322720145,47.03448257677083,75.26028271288384,71.35276968491833,24.732837880799096,0.04539201108842228,NA,NA,24.22470918013932,86.61641406773309,40.806638262814445,40.806638262814445,24,Watch List,FALSE
55426,356242.8107773562,2.9354162210396364,10.887030279961902,24.431080609006052,101287.864573497,35.803274889038896,1.3482469830844883,3486.879603399433,34.09336783137092,5.4438463959710415,NA,NA,NA,1697.1566666666668,2026-03-31,147910.38540881046,278823.6745378521,376640.1851103993,454963.557684082,611047.2592878132,463136.8738790027,88.50851734799392,35.08185262054137,TRUE,TRUE,FALSE,TRUE,TRUE,66.66666666666666,NA,TRUE,376640.1851103993,454963.557684082,611047.2592878132,FALSE,3486.879603399433,1.3482469830844883,FALSE,1697.1566666666668,2.9354162210396364,3.504742882053602,4.468599963626385,2.9354162210396364,3.504742882053602,4.468599963626385,NA,35.803274889038896,1.3482469830844883,3.54644282109191,82.58030990168302,91.50657615505413,73.72819708184693,69.04894084007218,54.145380903494235,33.750378462365724,NA,NA,25.306466624398418,66.89723087280831,40.54081078416038,40.54081078416038,25,Watch List,FALSE
55431,359776.5636589306,2.0859005896915694,12.054369893634242,26.224039691580277,100697.12316281191,29.625239078171663,5.925144432308419,3639.816679958983,32.026869870614604,6.291352398313775,NA,NA,NA,1743.5707070707074,2026-03-31,NA,334502.0367960005,373725.1458311468,419042.6050602231,455684.5603368445,NA,NA,11.72582068881898,TRUE,TRUE,FALSE,TRUE,TRUE,66.66666666666666,NA,TRUE,373725.1458311468,419042.6050602231,455684.5603368445,FALSE,3639.816679958983,5.925144432308419,FALSE,1743.5707070707074,2.0859005896915694,3.866683803773663,4.767942503656175,2.0859005896915694,3.866683803773663,4.767942503656175,NA,29.625239078171663,5.925144432308419,3.4687243538155585,81.18614382054787,74.04918181981361,78.98211796853361,74.14836259067357,38.299735672356064,60.070321855639385,NA,NA,27.589719636004308,69.79791578864948,39.96211552451319,39.96211552451319,26,Watch List,FALSE
55404,243157.9144838853,0.19372542233300732,-5.371977732114506,2.662948065793748,48889.36044163189,65.11082775350502,1.8121759814028089,3595.866635249764,81.75210884937395,3.3440285444997984,89.25677052335837,240.27474138121596,755.3333333333333,1328.8170924935632,2026-03-31,176738.38568508867,271251.1515132072,279188.17291425605,289927.17789921747,412111.2612063706,235372.8755212819,53.4760830035648,2.9260784172790575,TRUE,TRUE,TRUE,TRUE,TRUE,100,Ventura Village / Midtown Phillips / Elliot Park / Whittier,TRUE,279188.17291425605,289927.17789921747,412111.2612063706,FALSE,3595.866635249764,1.8121759814028089,FALSE,1328.8170924935632,0.19372542233300732,-1.8237164760610103,0.5270055650646421,0.19372542233300732,-1.574368924936459,0.5270055650646421,89.25677052335837,53.68146632520679,1.8121759814028089,-0.4301922808918705,11.244757741041917,35.16532044164203,0,1.9022793395916646,100,36.418252302603676,73.54890824971035,26.38778220451527,7.186681432175561,0,37.17075025487281,37.17075025487281,27,Watch List,TRUE
55420,318653.3252107078,3.0540255401198233,12.508641335823652,28.40786150417735,74732.04248241779,32.78941937048709,4.608777151126428,4389.466736361908,37.785216584659494,5.624139897357917,NA,NA,NA,1182.7260019887228,2026-02-28,182021.2966001976,292062.789823182,336672.71951731126,377148.08329535153,408122.04560128873,226100.7490010911,60.455284781695674,15.27408874000574,TRUE,TRUE,FALSE,TRUE,TRUE,66.66666666666666,NA,TRUE,336672.71951731126,377148.08329535153,408122.04560128873,FALSE,4389.466736361908,4.608777151126428,FALSE,1182.7260019887228,3.0540255401198233,4.00685400335854,5.127980725735726,3.0540255401198233,4.00685400335854,5.127980725735726,NA,32.78941937048709,4.608777151126428,3.953645721819285,89.88498911409333,93.94397645542462,81.01682334473205,80.28175993719705,46.415337441966265,52.50040954935813,NA,NA,0,61.715086881574024,36.59412271849077,36.59412271849077,28,Watch List,FALSE
55408,289113.85737644543,0.5843110030171738,-0.06483152102295943,9.241566836448603,76301.44698402692,39.017528326326534,9.673032632083924,4048.3784678436314,74.5786968778019,3.9227931904161415,52.23160107868616,47.92018201693777,1410.6666666666667,1453.556698744199,2026-03-31,136258.01540894737,243296.61263448908,363802.8005515163,439275.88051235775,518400.2271930883,382142.21178414096,78.55581699490469,49.53056543292974,TRUE,TRUE,TRUE,TRUE,TRUE,100,Lowry Hill East / South Uptown / East Harriet / Central / East Isles / Lyndale / East Bde Maka Ska / West Maka Ska,TRUE,363802.8005515163,439275.88051235775,518400.2271930883,FALSE,4048.3784678436314,9.673032632083924,FALSE,1453.556698744199,0.5843110030171738,-0.021615178830580728,1.7835476590312815,0.5843110030171738,-0.021615178830580728,1.7835476590312815,52.23160107868616,39.017528326326534,9.673032632083924,0.6417496942815989,30.47397307564004,43.19178429003783,22.539715320878805,23.30798426840672,62.38941205019568,81.62295797142913,47.8085048635641,52.496679946879155,13.323016023152084,10.06911610667072,36.29860527400298,36.29860527400298,29,Watch List,TRUE
55413,313865.6178800384,0.8050625072110108,2.0290152891036346,14.074121574079715,85710.97956403268,41.6410030141532,12.732675522403945,2499.4688816660646,61.84502978062458,4.320312112955164,-6.451457275808302,50.14839748156545,589.3333333333333,1753.3780952380955,2026-03-31,228434.5594739573,338243.672330112,376661.8066929087,411952.3106331296,459535.11418915185,231100.55471519456,48.07027146375087,11.358123597151032,TRUE,TRUE,TRUE,TRUE,TRUE,100,Sheridan / Logan Park / Mid - City Industrial / Northeast Park / St. Anthony West / St. Anthony East / Beltrami / Nicollet Island - East Bank,TRUE,376661.8066929087,411952.3106331296,459535.11418915185,FALSE,2499.4688816660646,12.732675522403945,FALSE,1753.3780952380955,0.8050625072110108,0.671814969046669,2.6685495656389113,0.8050625072110108,0.671814969046669,2.6685495656389113,-6.451457275808302,41.6410030141532,12.732675522403945,1.2176352565522492,40.80459520021577,47.72818823200408,32.60552142005298,38.38435120051574,69.11819291984507,99.21776505859906,7.011241363266814,19.774236387782203,28.072175987018888,27.94300554356478,35.38315951633318,35.38315951633318,30,Watch List,TRUE
55446,597616.272004271,1.0255338868003347,16.576622115166572,30.755153181763927,112554.87594936708,26.590436876109823,8.204146475429928,988.771967082559,40.93886173086836,5.56126582278481,NA,NA,NA,2064.196127946128,2026-03-31,NA,315738.5624651331,465628.974234371,740682.5790828274,901692.9107054184,NA,NA,47.47295059525402,TRUE,TRUE,FALSE,TRUE,TRUE,66.66666666666666,NA,TRUE,465628.974234371,740682.5790828274,901692.9107054184,FALSE,988.771967082559,8.204146475429928,FALSE,2064.196127946128,1.0255338868003347,5.245569477452849,5.509548055862901,1.0255338868003347,5.245569477452849,5.509548055862901,NA,26.590436876109823,8.204146475429928,3.834551665326982,87.74859991542361,52.2588356634324,98.99797085100852,86.78191438359072,30.515967414496377,73.17596938949096,NA,NA,43.36229516354829,57.28840411718559,34.845468357425474,34.845468357425474,31,Lower Priority,FALSE
55428,302795.36263303546,1.5328574453875363,11.723774199734724,28.441548347842772,70774.67961904763,36.122000562102336,2.8601035223804647,4546.463085714286,45.32273791913427,5.386666666666667,NA,NA,NA,1417.1005291005292,2026-03-31,98589.50164730196,270123.6700730436,317032.47166518593,358194.26717295655,388576.5402995262,289987.03865222423,173.9882701095243,17.36567609179077,TRUE,TRUE,FALSE,TRUE,TRUE,66.66666666666666,NA,TRUE,317032.47166518593,358194.26717295655,388576.5402995262,FALSE,4546.463085714286,2.8601035223804647,FALSE,1417.1005291005292,1.5328574453875363,3.764436703896412,5.133496055157916,1.5328574453875363,3.764436703896412,5.133496055157916,NA,36.122000562102336,2.8601035223804647,3.325648801233682,78.61955843306147,62.68424408559425,77.49790288974316,80.37571581401444,54.96285980715084,42.44447287336634,NA,NA,11.529622075848211,51.13488072945176,34.145229000671605,34.145229000671605,32,Lower Priority,FALSE
55429,288671.3183249952,2.629435946341794,12.7666666542295,33.100319555988534,70679.68611893184,30.012191794235548,4.714996068672906,4186.700366862896,41.83422559608033,5.266333930552001,NA,NA,NA,NA,NA,NA,250133.56946336836,299290.32554913213,329117.38018380816,356052.421737832,NA,NA,19.65220269763219,TRUE,TRUE,FALSE,FALSE,TRUE,66.66666666666666,NA,TRUE,299290.32554913213,329117.38018380816,356052.421737832,FALSE,4186.700366862896,4.714996068672906,TRUE,1443.356591624976,2.629435946341794,4.086302455866964,5.885336135521091,2.629435946341794,4.086302455866964,5.885336135521091,NA,30.012191794235548,4.714996068672906,4.0261575974466854,91.18575585618235,85.21873621769002,82.17009411075996,93.18361695094048,39.29220571424029,53.1112329134674,NA,NA,12.821240588479075,56.03160710730174,33.56770766086608,33.56770766086608,33,Lower Priority,FALSE
55441,435507.9846435897,1.4579461045600066,12.84054653390073,27.553118972219387,106099.17914900296,34.872521634731235,-1.6821654538979518,2956.264953428347,44.40570313266845,5.991427225624117,NA,NA,NA,1721.3411588411589,2026-03-31,NA,320390.6656592399,446182.91369102173,558844.8626529768,674102.8652654554,NA,NA,39.26214509806335,TRUE,TRUE,FALSE,TRUE,TRUE,66.66666666666666,NA,TRUE,446182.91369102173,558844.8626529768,674102.8652654554,FALSE,2956.264953428347,-1.6821654538979518,FALSE,1721.3411588411589,1.4579461045600066,4.109028452769592,4.987650424524559,1.4579461045600066,4.109028452769592,4.987650424524559,NA,34.872521634731235,-1.6821654538979518,3.400805123834979,79.96776304163926,61.14482942534537,82.49998383207155,77.89117625940285,51.75815196585294,16.323664255960544,NA,NA,26.496178058931513,52.4220966004171,33.461461149082034,33.461461149082034,34,Lower Priority,FALSE
55415,375156.03302921215,5.94408449890262,-2.458550784282348,1.9049378173160616,64345.17142857143,49.24112988005024,15.453205011769851,870.5435637998876,76.98433761210043,2.7169230769230768,30.069930069930063,-50.7316454067548,93,2165.877694235589,2026-03-31,186925.9460752943,532730.0485080475,924655.2931717436,NA,NA,737729.3470964493,184.99523992964697,73.56920184271823,TRUE,TRUE,TRUE,TRUE,TRUE,100,Downtown East,FALSE,NA,NA,NA,FALSE,870.5435637998876,15.453205011769851,FALSE,2165.877694235589,5.94408449890262,-0.826326271562805,0.3781172774093067,3.348725113614784,-0.826326271562805,0.41533934932314054,30.069930069930063,49.24112988005024,12.86870199687223,0.9453581184708375,35.92030496798721,100,10.858559186993775,0,88.6112676956194,100,32.40140855496015,0,48.36433205657009,6.692386042848639,32.67763584233586,32.67763584233586,35,Lower Priority,TRUE
55405,442883.89010122814,2.2268461718782104,5.9475616422356525,14.429120657229852,74711.39014300909,20.133681872596483,6.372046039806834,3850.692316593381,68.58292917342686,4.146944805578537,149.2189273067826,249.0334669228767,717.3333333333334,1423.5902356902361,2026-03-31,164490.7113389894,320133.82499747997,462298.4157625193,696853.4036213071,1025662.2338702304,861171.522531241,94.6212174484033,44.40786310729846,TRUE,TRUE,TRUE,TRUE,TRUE,100,Harrison / Bryn - Mawr / Kenwood,TRUE,462298.4157625193,696853.4036213071,1025662.2338702304,FALSE,3850.692316593381,6.372046039806834,FALSE,1423.5902356902361,2.2268461718782104,1.9444660028843153,2.732371150084356,2.2268461718782104,1.9444660028843153,2.732371150084356,127.30419889342596,20.133681872596483,6.372046039806834,2.2402753488321885,59.14940023601258,76.94558833341442,51.07927624271027,39.47157781336721,13.95545331872475,62.64027784486868,100,24.873837981407704,11.848871207929736,18.485206163010844,32.64070627880036,32.64070627880036,36,Lower Priority,TRUE
55416,403229.25059482426,1.5857800528855719,7.891201420053171,16.257728830488393,108420.49927561572,28.89562028466793,7.315730787063003,4015.8636658839982,49.78068920984184,4.846975071189489,-16.448801742919393,-39.780534028686795,255.66666666666663,1883.5830212234705,2026-03-31,187991.91453604077,325960.171743946,468149.7850461441,642728.6895892035,868037.7625288684,680045.8479928277,73.39052721943246,43.62177518236597,TRUE,TRUE,TRUE,TRUE,TRUE,100,Cedar - Isles - Dean,TRUE,468149.7850461441,642728.6895892035,868037.7625288684,FALSE,4015.8636658839982,7.315730787063003,FALSE,1883.5830212234705,1.5857800528855719,2.5640928260467932,3.058630470994239,1.5857800528855719,2.5640928260467932,3.058630470994239,-16.448801742919393,28.89562028466793,7.315730787063003,2.345317766677227,61.033721700037916,63.77179420739281,60.07375603983739,45.02953785880119,36.42838352909157,68.06703896513142,0.06095097342157249,6.480743691899068,34.47736689033331,44.877380209210486,31.345103282073843,31.345103282073843,37,Lower Priority,TRUE
55427,352270.3258992019,1.330422422228705,11.683373357720026,26.752807040698563,85669.61660280974,16.00805185748972,3.1062520574623824,4758.131460195828,34.66849217789668,6.242009365687527,NA,NA,NA,1569.613834422658,2026-03-31,117228.41092823465,299181.9245210397,362110.2048183184,421268.0826478603,486395.1531128302,369166.7421845955,155.21281245055357,21.033449931181703,TRUE,TRUE,FALSE,TRUE,TRUE,66.66666666666666,NA,TRUE,362110.2048183184,421268.0826478603,486395.1531128302,FALSE,4758.131460195828,3.1062520574623824,FALSE,1569.613834422658,1.330422422228705,3.7519276503222176,4.855572835769184,1.330422422228705,3.7519276503222176,4.855572835769184,NA,16.00805185748972,3.1062520574623824,3.18031211685123,76.01241134419556,58.52424055400613,77.31632193577474,75.64118089022107,3.37389122105534,43.859976624885135,NA,NA,19.032232506988432,66.0899450451031,30.255366718845988,30.255366718845988,38,Lower Priority,FALSE
55425,315883.2522687548,1.3461550562671891,8.44079228908157,24.201940562633208,76550.25207078313,24.79253125079661,16.352563746325153,4223.72609186747,57.85876926675007,4.6878388554216865,NA,NA,NA,1650.3214296814297,2026-03-31,247929.08156413137,324701.6192141398,339619.5574066933,379797.61593988,426485.38746465,178556.3059005186,30.965523352753532,4.594352879624887,TRUE,TRUE,FALSE,TRUE,TRUE,66.66666666666666,NA,TRUE,339619.5574066933,379797.61593988,426485.38746465,FALSE,4223.72609186747,16.352563746325153,FALSE,1650.3214296814297,1.3461550562671891,2.737949593979949,4.430095770086928,1.3461550562671891,2.737949593979949,4.430095770086928,NA,24.79253125079661,12.86870199687223,2.673858049807228,66.9272980285274,58.8475433705841,62.597454382635796,68.39300626423497,25.90463533907066,100,NA,NA,23.002493624743156,33.5384070212305,24.74641455754349,24.74641455754349,39,Lower Priority,FALSE
55435,234578.3196189569,-3.159931630328595,-1.0842359222831628,5.462276890731096,80856.4704121575,14.623376497719908,1.8344378667160048,3715.429887174764,52.5901744939404,4.244853787704352,NA,NA,NA,1929.7619883040936,2026-03-31,132700.60543038524,212452.56544506823,581734.030854167,759780.2152449116,897859.4515347425,765158.8461043573,60.09916816583093,173.81831310696984,TRUE,TRUE,FALSE,TRUE,TRUE,66.66666666666666,NA,FALSE,NA,NA,NA,FALSE,3715.429887174764,1.8344378667160048,FALSE,1929.7619883040936,-3.159931630328595,-0.36272608542660123,1.0693397619216505,-1.5174972734981935,-0.36272608542660123,1.0693397619216505,NA,14.6926102657084,1.8344378667160048,-0.40887953941459554,11.62708001662108,0,17.58816215489667,11.141162657921017,0,36.546271679872056,NA,NA,36.749055903869454,40.933784938552755,20.03828035460818,20.03828035460818,40,Lower Priority,FALSE
55401,299634.22588772146,-2.003172590373385,-7.81946050043477,-5.211980307402285,104563,9.212161724616944,41.97096348438187,27.91350015446401,52.43215565796211,3.8,-17.32552464616887,-43.40740884279949,282.3333333333333,1870.5258459196816,2026-03-31,270395.2348747826,414846.5067412442,735800.2606755487,NA,NA,465405.0258007661,53.42226978717118,77.36686912359511,TRUE,TRUE,TRUE,TRUE,TRUE,100,North Loop,FALSE,NA,NA,NA,TRUE,NA,NA,FALSE,1870.5258459196816,-2.003172590373385,-2.677539129519113,-1.0648332655997295,-1.5174972734981935,-1.574368924936459,0.41533934932314054,-16.53647403324434,14.6926102657084,NA,-1.057036778368166,0,0,0,0,0,NA,0,7.543160690571048,33.83504326205365,41.155591522757284,19.285462875791254,19.285462875791254,41,Lower Priority,TRUE
55414,364394.4681370033,-0.06047132287261899,0.5580196027302646,10.683836368741275,55158.405827377675,11.402544487574682,7.381281191228249,1964.6461137646547,75.08117725295226,3.5060142935678944,14.62707074293555,-57.75237884073027,561.3333333333333,1601.192086834734,2026-03-31,230241.67710950095,343868.70482777915,351681.47394038056,372564.8428958897,399479.2559129507,169237.57880344978,49.351198768517555,2.2720209786215655,TRUE,TRUE,TRUE,TRUE,TRUE,100,Como / Prospect Park - East River Road / Marcy Holmes,TRUE,351681.47394038056,372564.8428958897,399479.2559129507,FALSE,1964.6461137646547,7.381281191228249,FALSE,1601.192086834734,-0.06047132287261899,0.18566161855073648,2.050900366580777,-0.06047132287261899,0.18566161855073648,2.050900366580777,14.62707074293555,14.6926102657084,7.381281191228249,0.5658247760600722,29.111980882445792,29.941622776718095,25.548537561568992,27.862446229691578,0,68.44399364811825,21.66532187461818,18.658698539176623,20.58566632342572,9.36379857315066,14.245605489906682,14.245605489906682,42,Lower Priority,TRUE
55433,300503.7830566247,2.9460683536289394,13.983358328260358,36.32451002844925,NA,NA,NA,NA,NA,NA,NA,NA,NA,1523.0059523809523,2026-03-31,NA,255552.3141038003,317718.25467233587,354834.8604339557,374387.7951825523,NA,NA,24.326111382143452,TRUE,FALSE,FALSE,TRUE,TRUE,33.33333333333333,NA,TRUE,317718.25467233587,354834.8604339557,374387.7951825523,TRUE,NA,NA,FALSE,1523.0059523809523,2.9460683536289394,4.459309212256191,6.393424812495607,2.9460683536289394,4.459309212256191,6.285466486669405,NA,NA,NA,4.386214230339956,97.64469364097674,91.72547557521858,87.58464623975175,100,NA,NA,NA,NA,16.73944381395682,NA,0.8369721906978411,NA,NA,Insufficient Data,FALSE
55434,317711.21057109296,2.829429828722352,14.305413317685044,36.21708189343768,NA,NA,NA,NA,NA,NA,NA,NA,NA,1888.3333333333333,2026-03-31,NA,265414.4865822326,327153.10495962907,366943.2495496,422937.6706324091,NA,NA,23.261208976348847,TRUE,FALSE,FALSE,TRUE,TRUE,33.33333333333333,NA,TRUE,327153.10495962907,366943.2495496,422937.6706324091,TRUE,NA,NA,FALSE,1888.3333333333333,2.829429828722352,4.557598434850485,6.376651230576713,2.829429828722352,4.557598434850485,6.285466486669405,NA,NA,NA,4.384706435660368,97.61764580700283,89.32857474274786,89.01140891988817,100,NA,NA,NA,NA,34.7110497228662,NA,1.73555248614331,NA,NA,Insufficient Data,FALSE
55432,305115.37477135955,3.148357353047261,14.47916779570376,36.12453890509541,NA,NA,NA,NA,NA,NA,NA,NA,NA,1476.4029304029302,2026-03-31,130174.91618037802,264448.33544650394,322073.4801146732,357069.16316412325,388028.83043025265,257853.91424987465,103.14845840197724,21.79070046739864,TRUE,FALSE,FALSE,TRUE,TRUE,33.33333333333333,NA,TRUE,322073.4801146732,357069.16316412325,388028.83043025265,TRUE,NA,NA,FALSE,1476.4029304029302,3.148357353047261,4.610550588336237,6.362193294196294,3.148357353047261,4.610550588336237,6.285466486669405,NA,NA,NA,4.5175119305683875,100,95.88247834504752,89.78006040000184,100,NA,NA,NA,NA,14.446894202783756,NA,0.7223447101391879,NA,NA,Insufficient Data,FALSE
55448,322429.64787526237,2.276018979969908,13.591487639769676,33.962940496363544,NA,NA,NA,NA,NA,NA,NA,NA,NA,1762,2026-03-31,NA,255586.28615614597,331586.85540536133,380653.84089253127,438124.3135015089,NA,NA,29.735777451996835,TRUE,FALSE,FALSE,TRUE,TRUE,33.33333333333333,NA,TRUE,331586.85540536133,380653.84089253127,438124.3135015089,TRUE,NA,NA,FALSE,1762,2.276018979969908,4.339462647753933,6.022229929267087,2.276018979969908,4.339462647753933,6.022229929267087,NA,NA,NA,4.037949184407813,91.39728126526569,77.9560807478573,85.84495799051018,95.51565832829098,NA,NA,NA,NA,28.49631467096082,NA,1.4248157335480411,NA,NA,Insufficient Data,FALSE
