zip_code,current_price,pct_change_1yr,pct_change_3yr,pct_change_5yr,income_2023,income_growth_pct,pop_change_pct,population_2023,pct_renter_2023,median_rooms_2023,permit_growth_pct,value_growth_pct,recent_permit_count,monthly_rent_estimate,rent_data_date,price_1bed,price_2bed,price_3bed,price_4bed,price_5bed,bed_price_spread,price_2bed_premium,price_3bed_premium,has_price_data,has_census_data,has_permit_data,has_rent_data,has_bedroom_data,data_completeness,neighborhoods,bedroom_data_reliable,price_3bed_clean,price_4bed_clean,price_5bed_clean,low_pop_flag,population_2023_clean,pop_change_pct_clean,rent_imputed,monthly_rent_final,pct_change_1yr_ann,pct_change_3yr_ann,pct_change_5yr_ann,pct_change_1yr_w,pct_change_3yr_w,pct_change_5yr_w,permit_growth_pct_w,income_growth_pct_w,pop_change_pct_w,price_blend_raw,score_price_blend,score_price_1yr_ann,score_price_3yr_ann,score_price_5yr_ann,score_income_growth,score_pop_change,score_permit_growth,score_permit_volume,score_rent_level,score_pct_renter,investment_score_raw,investment_score,rank,score_tier,is_mpls_city
55406,342020.6290827551,2.1985224602296753,6.123367800329514,10.576961158698394,92116.53857383491,45.25837283178187,4.111008285033511,3387.6701291409313,34.24308437905728,5.467956204379561,124.86922906971972,132.01904987374118,2602.9999999999995,1489.1851674641148,2026-03-31,206861.15994640533,297415.56956701074,370343.8379213973,441276.51149514294,483521.58914116886,276660.42919476354,43.77545289027032,24.520662607057993,TRUE,TRUE,TRUE,TRUE,TRUE,100,Howe / Hiawatha / Cooper / Standish / Seward / Longfellow,TRUE,370343.8379213973,441276.51149514294,483521.58914116886,FALSE,3387.6701291409313,4.111008285033511,FALSE,1489.1851674641148,2.1985224602296753,2.0008226898688974,2.0311848836761737,2.1985224602296753,2.0008226898688974,2.0311848836761737,124.86922906971972,45.25837283178187,4.111008285033511,2.0776081579469885,70.32339331475403,76.91727955583889,69.53328860295913,61.27582390435874,78.39615124749754,49.63793589250984,98.3071757284203,100,13.90308313818411,66.68707797656896,75.27718875092485,75.27718875092485,1,High Opportunity,TRUE
55412,233340.99860092977,2.2368580532985907,5.515492077761528,10.563410638712863,76082.29479517546,64.71941718942068,10.622301446210754,4266.554601760296,26.50323888358082,6.013354340975767,63.52726554133484,16.025704220440073,636.6666666666667,1898.222222222222,2026-03-31,151907.7913180904,201902.0116225757,244119.04391965247,268243.5894546813,285834.62048001733,133926.82916192693,32.910899349328886,20.909664028506526,TRUE,TRUE,TRUE,TRUE,TRUE,100,Webber - Camden / Victory / Cleveland / Folwell / McKinley,TRUE,244119.04391965247,268243.5894546813,285834.62048001733,FALSE,4266.554601760296,10.622301446210754,FALSE,1898.222222222222,2.2368580532985907,1.8056957370417237,2.0286841034578895,2.2368580532985907,1.8056957370417237,2.0286841034578895,63.52726554133484,53.68146632520679,10.622301446210754,2.0123496393356683,69.07347743755251,77.54275970467718,64.82355639448343,61.23175463030726,100,87.08183087168487,55.661405043200496,21.660026560424974,32.45980070307801,77.55128084829747,68.59580865860096,68.59580865860096,2,High Opportunity,TRUE
55439,677395.8555070668,2.2904365765539385,7.964101682004731,23.777789185338335,172178.53115074517,53.553368138096445,4.157909915661637,3359.0603469337893,10.510384197696528,8.504910823356951,NA,NA,NA,NA,NA,298206.50837637397,377683.3012799421,583881.5628815357,766319.1230187793,991670.8697031324,693464.3613267585,26.651595679883172,54.59554629574627,TRUE,TRUE,FALSE,FALSE,TRUE,66.66666666666666,NA,TRUE,583881.5628815357,766319.1230187793,991670.8697031324,FALSE,3359.0603469337893,4.157909915661637,TRUE,3386.9792775353344,2.2904365765539385,2.5871879000695985,4.358672088443827,2.2904365765539385,2.5871879000695985,4.228649117740979,NA,53.553368138096445,4.157909915661637,2.8936902412569623,85.95405693897997,78.41694215543632,83.68624428847055,100,99.67144922919806,49.907648787954734,NA,NA,100,100,67.42967228523736,67.42967228523736,3,High Opportunity,FALSE
55419,490661.7511260707,3.512913376055481,9.286690426034042,16.16469496197458,150997.6325414459,41.003661542391264,1.263025525496812,4911.783968552385,19.53492011414751,7.087506409160826,18.02049945071606,87.32323288185536,1117.3333333333337,1866.5555555555557,2026-03-31,232001.3365109704,341109.9526526148,466559.64299856406,638633.0246928907,860524.9293361129,628523.5928251426,47.02930499561372,36.776907085354615,TRUE,TRUE,TRUE,TRUE,TRUE,100,Windom / Field / Page / Tangletown / Lynnhurst / Regina / Kenny,TRUE,466559.64299856406,638633.0246928907,860524.9293361129,FALSE,4911.783968552385,1.263025525496812,FALSE,1866.5555555555557,3.512913376055481,3.0043955851954074,3.0421308993916707,3.512913376055481,3.0043955851954074,3.0421308993916707,18.02049945071606,41.003661542391264,1.263025525496812,3.1918106405454987,91.66404589241849,98.3627655871747,93.75628558102831,79.09092684386775,67.48351692219762,33.26030326088175,24.02447985040885,40.810092961487406,31.023184184551404,87.33251341040001,61.369069042655624,61.369069042655624,4,Moderate Opportunity,TRUE
55417,378243.3340295686,2.4258867675865186,8.106202876878982,14.664673077207008,118149.9440742303,34.608978758372245,-1.5948821001773212,3806.949978911852,16.99474036176366,6.2543315056938,31.965794213786005,140.94760565278594,1139.3333333333337,1970.4666666666665,2026-03-31,203731.82386980168,299407.2985749783,397623.6320443184,489553.9415742426,551281.453039165,347549.6291693633,46.96147753839365,32.803586932181794,TRUE,TRUE,TRUE,TRUE,TRUE,100,Minnehaha / Diamond Lake / Hale / Keewaydin / Wenonah / Morris Park,TRUE,397623.6320443184,489553.9415742426,551281.453039165,FALSE,3806.949978911852,-1.5948821001773212,FALSE,1970.4666666666665,2.4258867675865186,2.632176220961524,2.7746312980665655,2.4258867675865186,2.632176220961524,2.7746312980665655,31.965794213786005,34.608978758372245,-1.5948821001773212,2.5955886815565323,80.24442882579336,80.62693550273964,84.77211654158572,74.37699270712598,51.082207855164455,16.82559661397997,33.71943919628123,41.68658698539179,35.737302669204354,90.89809210014056,60.51472730249929,60.51472730249929,5,Moderate Opportunity,TRUE
55407,314348.554739734,1.1328321374374477,5.010993905998125,6.040325830154273,81458.086581411,39.21742165239872,-6.762898957870798,3562.5922413265616,39.059342234642784,5.510793611943952,121.50774367451348,139.01808352400516,1536,1534.642857142857,2026-03-31,145909.1993663007,271790.9607225405,338782.02902799135,369109.64193149336,388027.0067918209,242117.80742552024,86.27404022704381,24.64801188654655,TRUE,TRUE,TRUE,TRUE,TRUE,100,Phillips West / Ericsson / Bancroft / East Phillips / Northrop / Powderhorn Park / Corcoran,TRUE,338782.02902799135,369109.64193149336,388027.0067918209,FALSE,3562.5922413265616,-6.762898957870798,FALSE,1534.642857142857,1.1328321374374477,1.6431829119721852,1.179891813532774,1.1328321374374477,1.6431829119721852,1.179891813532774,121.50774367451348,39.21742165239872,-4.52076340142192,1.3487373662751743,56.363113579243574,59.52957042304136,60.901023523290085,46.27415869124478,62.9021055382199,0,95.9702251797254,57.490039840637465,15.965354755653738,59.92663263483466,60.36838165241496,60.36838165241496,6,Moderate Opportunity,TRUE
55430,278594.6737378444,0.8073459047072206,5.3564400101437455,14.483090904172766,81301.70596616207,53.6882083350547,-1.4456579011630672,2419.422051461171,20.244761809160902,5.962226179875334,10.135135135135137,78.94236411335201,210,1819,2026-03-31,165669.61934394864,227129.02475454964,281217.54919546895,318511.369879655,346514.31608550466,180844.696741556,37.09757145213475,23.814008138929353,TRUE,TRUE,TRUE,TRUE,TRUE,100,Shingle Creek / Lind - Bohanon / Humboldt Industrial Area / Camden Industrial,TRUE,281217.54919546895,318511.369879655,346514.31608550466,FALSE,2419.422051461171,-1.4456579011630672,FALSE,1819,0.8073459047072206,1.754516682837104,2.742060022436288,0.8073459047072206,1.754516682837104,2.742060022436288,10.135135135135137,53.68146632520679,-1.4456579011630672,1.6698927453914407,62.51429837393586,54.21896581267499,63.58825990420147,73.80301484955082,100,17.683726496620828,18.542466901539463,4.661354581673308,28.865739026904414,86.33612863941921,60.342497954425866,60.342497954425866,7,Moderate Opportunity,FALSE
55421,297789.9573659957,1.1163726104463316,6.504278214215405,16.188482507611727,114687.2336448598,46.15631675130712,-5.9823454782997505,30.411843575418995,11.942179797815395,6.361682242990653,NA,NA,NA,1480.2777777777776,2026-03-31,179010.5361453298,253267.6395990092,302390.4159607424,343082.09646629496,380218.40802754974,201207.87188221992,41.48197366069768,19.39559923230135,TRUE,TRUE,FALSE,TRUE,TRUE,66.66666666666666,NA,TRUE,302390.4159607424,343082.09646629496,380218.40802754974,TRUE,NA,NA,FALSE,1480.2777777777776,1.1163726104463316,2.122714733724429,3.0463506300874243,1.1163726104463316,2.122714733724429,3.0463506300874243,NA,46.15631675130712,NA,2.0014039646678436,68.86383166493727,59.2610182351646,72.47536747307709,79.16528782413103,80.69922964034642,NA,NA,NA,13.498983038383724,97.99022889027553,56.01088663609869,56.01088663609869,8,Moderate Opportunity,FALSE
55444,334974.9193623578,1.1087838369766896,5.883536537843397,17.987626141341988,111567.39964788732,38.11863270134758,0.8872554784915758,5084.26902074991,12.246218640393732,6.900902288732395,NA,NA,NA,NA,NA,NA,293291.1647318039,340367.6939889403,360500.6227524626,383926.8913272589,NA,NA,16.051124247191318,TRUE,TRUE,FALSE,FALSE,TRUE,66.66666666666666,NA,TRUE,340367.6939889403,360500.6227524626,383926.8913272589,FALSE,5084.26902074991,0.8872554784915758,TRUE,1674.8745968117892,1.1087838369766896,1.923926532869702,3.3635204920252404,1.1087838369766896,1.923926532869702,3.3635204920252404,NA,38.11863270134758,0.8872554784915758,1.9985250790960323,68.80869151064898,59.137200477845475,67.67726460381492,84.7545217217818,60.0838926894655,31.09939699724182,NA,NA,22.32722529134149,97.56345814031843,53.713492908449645,53.713492908449645,9,Moderate Opportunity,FALSE
55424,1012386.0033076552,6.768674708477454,13.870458572690772,33.87233479611986,219279.1207752305,28.69612893334839,4.793089891148844,4479.192389506027,10.53403536936058,9.067643583077288,NA,NA,NA,2795,2026-03-31,NA,565095.2371222136,708227.1653566756,1048785.744027965,1653250.786078286,NA,NA,25.32881518580324,TRUE,TRUE,FALSE,TRUE,TRUE,66.66666666666666,NA,TRUE,708227.1653566756,1048785.744027965,1653250.786078286,FALSE,4479.192389506027,4.793089891148844,FALSE,2795,6.768674708477454,4.424809069529201,6.00788444197613,3.6132592500613456,3.263076315854474,4.228649117740979,NA,28.69612893334839,4.793089891148844,3.6270335432985052,100,100,100,100,35.91672104016112,53.56031987897928,NA,NA,73.143772355809,99.96680151725735,53.50526942667459,53.50526942667459,10,Moderate Opportunity,FALSE
55410,591081.8281702795,4.225060803381013,10.297300060119175,20.000739329529015,145038.3108472747,25.29180392896987,4.945218471887333,4347.658931462493,22.682469268636396,6.823885590933621,17.10227950829454,3.220398450897026,880,2505.361904761905,2026-03-31,214821.10637104817,434658.5480367777,558422.2725212041,774118.5872722544,1200029.6747789572,985208.568407909,102.33512217650387,28.473781326383666,TRUE,TRUE,TRUE,TRUE,TRUE,100,Fulton / Linden Hills / Armatage,TRUE,558422.2725212041,774118.5872722544,1200029.6747789572,FALSE,4347.658931462493,4.945218471887333,FALSE,2505.361904761905,4.225060803381013,3.320926960329884,3.7138567310537995,3.6132592500613456,3.263076315854474,3.7138567310537995,17.10227950829454,25.29180392896987,4.945218471887333,3.4983354466267103,97.53500695665822,100,100,90.92822047988706,27.185187601007637,54.43515172259313,23.38612080790796,31.354581673306782,60.00380797643112,82.9143874176925,52.53584584441195,52.53584584441195,11,Moderate Opportunity,TRUE
55418,346802.81103506376,1.3879202526759955,5.509256375742772,11.011515941846223,96958.857418882,40.28605110079206,2.1024791682752224,3362.042824843729,35.452222196120445,5.616510093943634,33.610652669073794,177.47217180501082,824.3333333333334,1745.288888888889,2026-03-31,178008.79879643905,288096.46581329947,358632.55308964197,413520.8616038197,467966.8490680908,289958.0502716517,61.84394690666417,24.483496205765093,TRUE,TRUE,TRUE,TRUE,TRUE,100,Bottineau / Holland / Audubon Park / Windom Park / Columbia Park / Waite Park / Marshall Terrace,TRUE,358632.55308964197,413520.8616038197,467966.8490680908,FALSE,3362.042824843729,2.1024791682752224,FALSE,1745.288888888889,1.3879202526759955,1.803690210093456,2.111253290921966,1.3879202526759955,1.803690210093456,2.111253290921966,33.610652669073794,40.28605110079206,2.1024791682752224,1.7350614952044723,63.76249488256074,63.69156556941763,64.77514947413559,62.6868061874006,65.6429642255396,38.08767215090385,34.8629672553625,29.136786188579023,25.52169903255158,64.98984531835495,51.9049625482139,51.9049625482139,12,Moderate Opportunity,TRUE
55411,241709.03166408345,1.7781607114599929,4.123334348303124,7.93406603557708,57115.73294059891,41.34411961039279,-4.670738534596333,2416.684610624945,43.8289779628812,5.612449680903288,46.920825538062616,47.2990450338593,941.6666666666669,1899.0317460317465,2026-03-31,NA,193295.42475815947,239447.25412304708,267701.8462131102,284047.19547757483,NA,NA,23.87631751896364,TRUE,TRUE,TRUE,TRUE,TRUE,100,Sumner - Glenwood / Jordan / Hawthorne / Willard - Hay / Near - North,TRUE,239447.25412304708,267701.8462131102,284047.19547757483,FALSE,2416.684610624945,-4.670738534596333,FALSE,1899.0317460317465,1.7781607114599929,1.355974994637421,1.5387254246914228,1.7781607114599929,1.355974994637421,1.5387254246914228,46.920825538062616,41.34411961039279,-4.52076340142192,1.5494276030388217,60.206993561016596,70.05869440981766,53.96875527842674,52.597599925070384,68.35673584270651,0,44.11638118771689,33.81142098273573,32.49652623813812,53.231629458594014,48.2779955894537,48.2779955894537,13,Watch List,TRUE
55409,368439.3297176694,3.087712507242978,7.588487795944668,9.25726035156296,101223.64277631084,33.39872619567825,-3.6157202441204976,3447.794794417201,35.3424230864467,5.856393813655225,72.68947187928669,192.94275822665708,431.66666666666663,1557.5925925925928,2026-03-31,156809.51949707547,277157.266893908,391035.5965904246,494979.6911173654,601507.2721932711,444697.7526961956,76.7477304839755,41.08798263626539,TRUE,TRUE,TRUE,TRUE,TRUE,100,King Field / Bryant,TRUE,391035.5965904246,494979.6911173654,601507.2721932711,FALSE,3447.794794417201,-3.6157202441204976,FALSE,1557.5925925925928,3.087712507242978,2.4680805772986814,1.786471911966947,3.087712507242978,2.4680805772986814,1.786471911966947,72.68947187928669,33.39872619567825,-3.6157202441204976,2.5145495864462513,78.69226285868521,91.42522578616253,80.81137955967857,56.96344053881619,47.978109184387584,5.204548481347819,62.031096001628306,13.492695883134132,17.006511672798148,65.14396723245878,48.09233052028269,48.09233052028269,14,Watch List,TRUE
55443,379937.7027725137,0.1763496265374993,2.411624749921477,13.815546870277966,106513.47886734548,28.82911436061377,8.96582516743622,3004.411991531831,18.064399973648804,6.694810991770121,NA,NA,NA,1495.3452380952378,2026-03-31,NA,288201.6597825918,353133.51343693415,449590.06881397095,501137.4914857347,NA,NA,22.530006837338977,TRUE,TRUE,FALSE,TRUE,TRUE,66.66666666666666,NA,TRUE,353133.51343693415,449590.06881397095,501137.4914857347,FALSE,3004.411991531831,8.96582516743622,FALSE,1495.3452380952378,0.1763496265374993,0.7974979793324621,2.6219630260050364,0.1763496265374993,0.7974979793324621,2.6219630260050364,NA,28.82911436061377,8.96582516743622,1.0362123175223688,50.3772280769093,43.92368629850417,40.488930228297406,71.68664036378331,36.257806777743255,77.55608502019349,NA,NA,14.182546061046072,89.39664106549053,47.59714933580685,47.59714933580685,15,Watch List,FALSE
55436,630392.6825119396,3.1046885549373275,9.55787697530971,23.842355983566755,144098.86978774652,28.799650841359455,8.806276948010396,5530.626524160771,23.103398225167325,7.08083697124793,NA,NA,NA,1741.3989898989896,2026-03-31,143517.42732685758,268328.48975867545,608807.5212840202,823824.2249869289,1258883.2452605795,1115365.817933722,86.96578858507796,126.88888601861052,TRUE,TRUE,FALSE,TRUE,TRUE,66.66666666666666,NA,TRUE,608807.5212840202,823824.2249869289,1258883.2452605795,FALSE,5530.626524160771,8.806276948010396,FALSE,1741.3989898989896,3.1046885549373275,3.0895243824282437,4.3695572397723925,3.1046885549373275,3.0895243824282437,4.228649117740979,NA,28.799650841359455,8.806276948010396,3.3796130266346065,95.26108102506073,91.70220548018888,95.81101883231523,100,36.1822376992113,76.63858574249014,NA,NA,25.345226617468757,82.32354131087942,45.26505468219198,45.26505468219198,16,Watch List,FALSE
55422,339105.1589293433,2.290402568841338,6.0950629102007925,15.373340845584895,99761.87267284804,38.16348699029508,-0.32797730672732994,4325.545228882237,26.952657745729265,6.256625538439074,NA,NA,NA,1676.9166666666667,2026-03-31,194775.924435767,280682.758960191,336778.04797030403,414693.965643129,540478.610083175,345702.685647408,44.105468770476435,19.985299139114204,TRUE,TRUE,FALSE,TRUE,TRUE,66.66666666666666,NA,TRUE,336778.04797030403,414693.965643129,540478.610083175,FALSE,4325.545228882237,-0.32797730672732994,FALSE,1676.9166666666667,2.290402568841338,1.9917534375495372,2.901355035950659,2.290402568841338,1.9917534375495372,2.901355035950659,NA,38.16348699029508,-0.32797730672732994,2.323681033101948,75.0365005097963,78.41638728860275,69.31438624663978,76.61014502207591,60.198936559639705,24.111069539296413,NA,NA,22.41986754246262,76.9204442643352,45.13451187174998,45.13451187174998,17,Watch List,FALSE
55437,392724.9504930715,3.106213088740288,6.774992208194752,17.859866360205956,94944.77024698448,37.07257443188493,3.803069090188609,1282.2802337118287,28.970311433955924,6.345031591039632,NA,NA,NA,1637.3005698005695,2026-03-31,155886.25494833893,280922.7303418739,391503.3917539545,475567.8647278068,535804.4052162193,379918.1502678803,80.21007075638089,39.363372724416976,TRUE,TRUE,FALSE,TRUE,TRUE,66.66666666666666,NA,TRUE,391503.3917539545,475567.8647278068,535804.4052162193,FALSE,1282.2802337118287,3.803069090188609,FALSE,1637.3005698005695,3.106213088740288,2.2091671522503242,3.341125899161468,3.106213088740288,2.2091671522503242,3.341125899161468,NA,37.07257443188493,3.803069090188609,2.8061229167495974,84.27685384649624,91.7270796389966,74.5620486523433,84.35987950453726,57.40092536191342,47.86709827449365,NA,NA,20.622610516439906,74.0883206765198,44.53999878253729,44.53999878253729,18,Watch List,FALSE
55445,358021.8426923183,2.358673862435132,5.27241835779399,17.097310051611238,99667.38028169012,30.805262263741383,6.8439958510572545,7518.162076939247,25.821319175858733,6.2696237124237975,NA,NA,NA,NA,NA,NA,224305.52156013896,355926.7600918908,409171.7121634779,468950.95490882295,NA,NA,58.67944650504854,TRUE,TRUE,FALSE,FALSE,TRUE,66.66666666666666,NA,TRUE,355926.7600918908,409171.7121634779,468950.95490882295,FALSE,7518.162076939247,6.8439958510572545,TRUE,1790.1092134615917,2.358673862435132,1.7274597815424064,3.2070545323518163,2.358673862435132,1.7274597815424064,3.2070545323518163,NA,30.805262263741383,6.8439958510572545,2.318283397557213,74.93311798579366,79.53029568182004,62.93519400201393,81.9972457300086,41.3263009651899,65.35427623665775,NA,NA,27.555055410873763,78.50847231306928,44.31411570064226,44.31411570064226,19,Watch List,FALSE
55447,493662.0035067676,1.5751466616777874,6.2877933829395545,20.0643748998697,122052.45569620254,28.969399992232304,-0.2908636445292462,4510.241793606522,24.222902998639505,6.546170349710363,NA,NA,NA,1826.7310606060607,2026-03-31,NA,281571.9002271403,463475.3209742158,613449.9683723928,750519.2221937048,NA,NA,64.60283167472906,TRUE,TRUE,FALSE,TRUE,TRUE,66.66666666666666,NA,TRUE,463475.3209742158,613449.9683723928,750519.2221937048,FALSE,4510.241793606522,-0.2908636445292462,FALSE,1826.7310606060607,1.5751466616777874,2.0534749022663723,3.724854148164347,1.5751466616777874,2.0534749022663723,3.724854148164347,NA,28.969399992232304,-0.2908636445292462,2.3039048295348614,74.65772098253649,66.74633511369925,70.80414235731222,91.12201927314355,36.617616338209594,24.3244956645281,NA,NA,29.216472796559064,80.7521240284571,42.30142130207912,42.30142130207912,20,Watch List,FALSE
55442,471629.4119012247,2.180272754295702,6.377205280169762,20.13196862518243,126620.43438608343,24.316792270402576,2.3065296214386377,4401.569836176322,22.83257941868872,6.871727748691099,NA,NA,NA,2020.5,2026-03-31,202299.29331117027,288501.742017206,479406.3383305585,552389.7777101869,643871.8541327232,441572.5608215529,42.61134445657299,66.1710376438445,TRUE,TRUE,FALSE,TRUE,TRUE,66.66666666666666,NA,TRUE,479406.3383305585,552389.7777101869,643871.8541327232,FALSE,4401.569836176322,2.3065296214386377,FALSE,2020.5,2.180272754295702,2.0820835099207846,3.7365305025972573,2.180272754295702,2.0820835099207846,3.7365305025972573,NA,24.316792270402576,2.3065296214386377,2.530061493621124,78.9893670448686,76.6195189665266,71.49466142173367,91.32778244243926,24.68444313936098,39.26108633293749,NA,NA,38.00715676847641,82.70368203291095,41.88177359610727,41.88177359610727,21,Watch List,FALSE
55403,199209.7949142928,-2.950918015283474,-13.719153437854365,-21.49523837101053,63373.315575007546,46.3321238207359,9.18934411070236,3614.3955475601538,75.49649358413456,2.962881074554784,54.05060223489401,920.7034991535486,1750.6666666666667,1402.0286195286196,2026-03-31,152542.60732556044,282129.79085716273,551162.0805428018,1010704.9300698256,1255230.8040522828,1102688.1967267224,84.9514675300088,95.35763269389912,TRUE,TRUE,TRUE,TRUE,TRUE,100,Loring Park / Steven's Square - Loring Heights / Lowry Hill,FALSE,NA,NA,NA,FALSE,3614.3955475601538,9.18934411070236,FALSE,1402.0286195286196,-2.950918015283474,-4.799740425500609,-4.724946821374266,-2.5157271198686155,-0.8799820193099023,-1.4460080489796026,54.05060223489401,46.3321238207359,9.18934411070236,-1.593999311922877,0,0,0,0,81.15014584358278,78.84145485846389,49.073099306288356,66.0424966799469,9.949066197282344,8.780830750273125,41.44922691954841,41.44922691954841,22,Watch List,TRUE
55423,347247.3733508583,2.8848660731612323,8.611514449941907,18.01359831488114,86906.59016811004,43.257579695523624,2.1858845491479615,3299.206455793132,38.242604914415466,5.1139836984207845,NA,NA,NA,1320.3768115942028,2026-03-31,149147.0233201049,305656.94256401696,350155.27957057516,391831.58022545953,427225.8345332648,278078.81121315993,104.93666971013202,14.558261504967597,TRUE,TRUE,FALSE,TRUE,TRUE,66.66666666666666,NA,TRUE,350155.27957057516,391831.58022545953,427225.8345332648,FALSE,3299.206455793132,2.1858845491479615,FALSE,1320.3768115942028,2.8848660731612323,2.7918359836619056,3.368070696199421,2.8848660731612323,2.7918359836619056,3.368070696199421,NA,43.257579695523624,2.1858845491479615,2.9684551931210486,87.38605236856851,88.1156012930008,88.62578573434757,84.83470637506562,73.26444609255543,38.56730380698065,NA,NA,6.24478190108826,61.07306378065629,41.322719016177054,41.322719016177054,23,Watch List,FALSE
55438,403503.5323572189,3.212723558448263,5.516344534405935,16.463944000269315,106785.76932898285,24.33566082648225,-4.512869973360109,3915.7020563770793,20.045081636082752,6.595701517945808,NA,NA,NA,1675.1666666666667,2026-03-31,154698.91304849615,251394.63652900665,443087.46622721263,556947.3774314831,683244.7723167334,528545.8592682373,62.50575493713883,76.2517579312349,TRUE,TRUE,FALSE,TRUE,TRUE,66.66666666666666,NA,TRUE,443087.46622721263,556947.3774314831,683244.7723167334,FALSE,3915.7020563770793,-4.512869973360109,FALSE,1675.1666666666667,3.212723558448263,1.8059698980720018,3.095165143616674,3.212723558448263,1.8059698980720018,3.095165143616674,NA,24.33566082648225,-4.512869973360109,2.6206324905898613,80.72410037216724,93.464895050539,64.83017375316147,80.02550743026909,24.732837880799096,0.04539201108842228,NA,NA,22.340475576965094,86.61641406773309,40.71242658265574,40.71242658265574,24,Watch List,FALSE
55426,370745.9656465721,2.2058487679006364,7.126064390818308,15.401400042620269,101287.864573497,35.803274889038896,1.3482469830844883,3486.879603399433,34.09336783137092,5.4438463959710415,NA,NA,NA,1697.1566666666668,2026-03-31,147910.38540881046,278823.6745378521,376640.1851103993,454963.557684082,611047.2592878132,463136.8738790027,88.50851734799392,35.08185262054137,TRUE,TRUE,FALSE,TRUE,TRUE,66.66666666666666,NA,TRUE,376640.1851103993,454963.557684082,611047.2592878132,FALSE,3486.879603399433,1.3482469830844883,FALSE,1697.1566666666668,2.2058487679006364,2.3210645770374017,2.906359742467024,2.2058487679006364,2.3210645770374017,2.906359742467024,NA,35.803274889038896,1.3482469830844883,2.4270628351969394,77.01660300985245,77.03681494438055,77.26288981205721,76.69833901105758,54.145380903494235,33.750378462365724,NA,NA,23.338092331988264,66.89723087280831,40.44239206953987,40.44239206953987,25,Watch List,FALSE
55431,376120.1258441177,2.6773868115936477,6.723354590447853,17.144661334114822,100697.12316281191,29.625239078171663,5.925144432308419,3639.816679958983,32.026869870614604,6.291352398313775,NA,NA,NA,1743.5707070707074,2026-03-31,NA,334502.0367960005,373725.1458311468,419042.6050602231,455684.5603368445,NA,NA,11.72582068881898,TRUE,TRUE,FALSE,TRUE,TRUE,66.66666666666666,NA,TRUE,373725.1458311468,419042.6050602231,455684.5603368445,FALSE,3639.816679958983,5.925144432308419,FALSE,1743.5707070707074,2.6773868115936477,2.192687984763353,3.2154000632851787,2.6773868115936477,2.192687984763353,3.2154000632851787,NA,29.625239078171663,5.925144432308419,2.6180105937844127,80.67388240039512,84.73038799597799,74.1642949604123,82.1443124282808,38.299735672356064,60.070321855639385,NA,NA,25.443750557335843,69.79791578864948,39.85481707057976,39.85481707057976,26,Watch List,FALSE
55404,239904.61176472425,-0.4778218186806961,-1.1468047432230672,-6.638042226895109,48889.36044163189,65.11082775350502,1.8121759814028089,3595.866635249764,81.75210884937395,3.3440285444997984,89.25677052335837,240.274741381216,755.3333333333333,1328.8170924935632,2026-03-31,176738.38568508867,271251.1515132072,279188.17291425605,289927.17789921747,412111.2612063706,235372.8755212819,53.4760830035648,2.9260784172790575,TRUE,TRUE,TRUE,TRUE,TRUE,100,Ventura Village / Midtown Phillips / Elliot Park / Whittier,TRUE,279188.17291425605,289927.17789921747,412111.2612063706,FALSE,3595.866635249764,1.8121759814028089,FALSE,1328.8170924935632,-0.4778218186806961,-0.3837389197365981,-1.364332024147108,-0.4778218186806961,-0.3837389197365981,-1.364332024147108,89.25677052335837,53.68146632520679,1.8121759814028089,-0.6618162104696599,17.85438106410251,33.25028280673444,11.977700032882005,1.4393120576779381,100,36.418252302603676,73.54890824971035,26.387782204515275,6.627690752489078,0,37.14280072088848,37.14280072088848,27,Watch List,TRUE
55420,333315.3501005983,2.801435281490587,7.79579525638913,17.685441228003718,74732.04248241779,32.78941937048709,4.608777151126428,4389.466736361908,37.785216584659494,5.624139897357917,NA,NA,NA,1182.7260019887228,2026-02-28,182021.2966001976,292062.789823182,336672.71951731126,377148.08329535153,408122.04560128873,226100.7490010911,60.455284781695674,15.27408874000574,TRUE,TRUE,FALSE,TRUE,TRUE,66.66666666666666,NA,TRUE,336672.71951731126,377148.08329535153,408122.04560128873,FALSE,4389.466736361908,4.608777151126428,FALSE,1182.7260019887228,2.801435281490587,2.5338520766669426,3.310520112640325,2.801435281490587,2.5338520766669426,3.310520112640325,NA,32.78941937048709,4.608777151126428,2.8216732073485637,84.57469320185321,86.75435186878974,82.39889038012787,83.82053790870249,46.415337441966265,52.50040954935813,NA,NA,0,61.715086881574024,36.59412271849077,36.59412271849077,28,Watch List,FALSE
55408,286480.80337237846,1.259625706331615,-0.331743056916618,-0.9749736286980656,76301.44698402692,39.017528326326534,9.673032632083924,4048.3784678436314,74.5786968778019,3.9227931904161415,52.23160107868616,47.92018201693777,1410.6666666666667,1453.556698744199,2026-03-31,136258.01540894737,243296.61263448908,363802.8005515163,439275.88051235775,518400.2271930883,382142.21178414096,78.55581699490469,49.53056543292974,TRUE,TRUE,TRUE,TRUE,TRUE,100,Lowry Hill East / South Uptown / East Harriet / Central / East Isles / Lyndale / East Bde Maka Ska / West Maka Ska,TRUE,363802.8005515163,439275.88051235775,518400.2271930883,FALSE,4048.3784678436314,9.673032632083924,FALSE,1453.556698744199,1.259625706331615,-0.1107035264565126,-0.19575966375231513,1.259625706331615,-0.1107035264565126,-0.19575966375231513,52.23160107868616,39.017528326326534,9.673032632083924,0.3476476706953814,37.18894395917239,61.59832308851053,18.567889482127423,22.032139537159274,62.38941205019568,81.62295797142913,47.8085048635641,52.49667994687917,12.286732189989163,10.06911610667072,36.246791082344835,36.246791082344835,29,Watch List,TRUE
55413,326893.12510355766,1.6958430128531272,4.989141951305875,6.2638969007473095,85710.97956403268,41.6410030141532,12.732675522403945,2499.4688816660646,61.84502978062458,4.320312112955164,-6.451457275808302,50.14839748156545,589.3333333333333,1753.3780952380955,2026-03-31,228434.5594739573,338243.672330112,376661.8066929087,411952.3106331296,459535.11418915185,231100.55471519456,48.07027146375087,11.358123597151032,TRUE,TRUE,TRUE,TRUE,TRUE,100,Sheridan / Logan Park / Mid - City Industrial / Northeast Park / St. Anthony West / St. Anthony East / Beltrami / Nicollet Island - East Bank,TRUE,376661.8066929087,411952.3106331296,459535.11418915185,FALSE,2499.4688816660646,12.732675522403945,FALSE,1753.3780952380955,1.6958430128531272,1.6361320428915693,1.222520584177511,1.6958430128531272,1.6361320428915693,1.222520584177511,-6.451457275808302,41.6410030141532,12.732675522403945,1.5536280176996,60.28744535623135,68.71560611367244,60.73083839650171,47.02537183756023,69.11819291984507,99.21776505859906,7.011241363266814,19.774236387782203,25.888680741910754,27.94300554356478,35.27398475407777,35.27398475407777,30,Watch List,TRUE
55446,618877.442798892,1.2970744541899335,4.619681555138392,20.72402503834674,112554.87594936708,26.590436876109823,8.204146475429928,988.771967082559,40.93886173086836,5.56126582278481,NA,NA,NA,2064.196127946128,2026-03-31,NA,315738.5624651331,465628.974234371,740682.5790828274,901692.9107054184,NA,NA,47.47295059525402,TRUE,TRUE,FALSE,TRUE,TRUE,66.66666666666666,NA,TRUE,465628.974234371,740682.5790828274,901692.9107054184,FALSE,988.771967082559,8.204146475429928,FALSE,2064.196127946128,1.2970744541899335,1.5167715756317257,3.838580205632436,1.2970744541899335,1.5167715756317257,3.838580205632436,NA,26.590436876109823,8.204146475429928,2.0203297406272758,69.2263226984979,62.20933354926223,57.84986358022247,93.12612373490809,30.515967414496377,73.17596938949096,NA,NA,39.98951190120463,57.28840411718559,34.6768291943083,34.6768291943083,31,Lower Priority,FALSE
55428,318233.33388812613,2.7065259633573224,6.709493312789354,17.419992264659502,70774.67961904763,36.122000562102336,2.8601035223804647,4546.463085714286,45.32273791913427,5.386666666666667,NA,NA,NA,1417.1005291005292,2026-03-31,98589.50164730196,270123.6700730436,317032.47166518593,358194.26717295655,388576.5402995262,289987.03865222423,173.9882701095243,17.36567609179077,TRUE,TRUE,FALSE,TRUE,TRUE,66.66666666666666,NA,TRUE,317032.47166518593,358194.26717295655,388576.5402995262,FALSE,4546.463085714286,2.8601035223804647,FALSE,1417.1005291005292,2.7065259633573224,2.1882635156649455,3.26387297220454,2.7065259633573224,2.1882635156649455,3.26387297220454,NA,36.122000562102336,2.8601035223804647,2.638557736492176,81.06742795503024,85.20581982115935,74.05750261667785,82.9985122062627,54.96285980715084,42.44447287336634,NA,NA,10.632831068547969,51.13488072945176,34.100389450306594,34.100389450306594,32,Lower Priority,FALSE
55429,298852.2697785771,1.1863360685394706,6.24900338775228,16.743757157888144,70679.68611893184,30.012191794235548,4.714996068672906,4186.700366862896,41.83422559608033,5.266333930552001,NA,NA,NA,NA,NA,NA,250133.56946336836,299290.32554913213,329117.38018380816,356052.421737832,NA,NA,19.65220269763219,TRUE,TRUE,FALSE,FALSE,TRUE,66.66666666666666,NA,TRUE,299290.32554913213,329117.38018380816,356052.421737832,FALSE,4186.700366862896,4.714996068672906,TRUE,1494.2613488928855,1.1863360685394706,2.0410585016447325,3.144656341355989,1.1863360685394706,2.0410585016447325,3.144656341355989,NA,30.012191794235548,4.714996068672906,2.017805109985705,69.17796769458242,60.402535834818494,70.50445068953493,80.89765170762844,39.29220571424029,53.1112329134674,NA,NA,14.133373435813903,56.03160710730174,33.63331430323282,33.63331430323282,33,Lower Priority,FALSE
55441,458029.8721753831,3.646707874729967,6.704748762480664,18.675989712152496,106099.17914900296,34.872521634731235,-1.6821654538979518,2956.264953428347,44.40570313266845,5.991427225624117,NA,NA,NA,1721.3411588411589,2026-03-31,NA,320390.6656592399,446182.91369102173,558844.8626529768,674102.8652654554,NA,NA,39.26214509806335,TRUE,TRUE,FALSE,TRUE,TRUE,66.66666666666666,NA,TRUE,446182.91369102173,558844.8626529768,674102.8652654554,FALSE,2956.264953428347,-1.6821654538979518,FALSE,1721.3411588411589,3.646707874729967,2.1867489845518673,3.4838487297635945,3.6132592500613456,2.1867489845518673,3.4838487297635945,NA,34.872521634731235,-1.6821654538979518,3.0103025137831168,88.187566586588,100,74.02094674440775,86.87497119041274,51.75815196585294,16.323664255960544,NA,NA,24.43526625672678,52.4220966004171,33.3584155589718,33.3584155589718,34,Lower Priority,FALSE
55405,461659.8007770083,2.293659437967616,6.560718266325343,10.439172193381802,74711.39014300909,20.133681872596483,6.372046039806834,3850.692316593381,68.58292917342686,4.146944805578537,149.2189273067826,249.0334669228767,717.3333333333334,1423.5902356902361,2026-03-31,164490.7113389894,320133.82499747997,462298.4157625193,696853.4036213071,1025662.2338702304,861171.522531241,94.6212174484033,44.40786310729846,TRUE,TRUE,TRUE,TRUE,TRUE,100,Harrison / Bryn - Mawr / Kenwood,TRUE,462298.4157625193,696853.4036213071,1025662.2338702304,FALSE,3850.692316593381,6.372046039806834,FALSE,1423.5902356902361,2.293659437967616,2.1407509215479736,2.0057441699952605,2.293659437967616,2.1407509215479736,2.0057441699952605,127.30419889342596,20.133681872596483,6.372046039806834,2.16051721440667,71.91137520950053,78.46952607746115,72.91070258942004,60.82750230653408,13.95545331872475,62.64027784486868,100,24.87383798140771,10.927248532353145,18.485206163010844,32.59462514502154,32.59462514502154,35,Lower Priority,TRUE
55415,396260.32438396785,-8.206177010104074,11.903937545977564,3.028614507427941,64345.17142857143,49.24112988005024,15.453205011769851,870.5435637998876,76.98433761210043,2.7169230769230768,30.069930069930063,-50.7316454067548,93,2165.877694235589,2026-03-31,186925.9460752943,532730.0485080475,924655.2931717436,NA,NA,737729.3470964493,184.99523992964697,73.56920184271823,TRUE,TRUE,TRUE,TRUE,TRUE,100,Downtown East,FALSE,NA,NA,NA,FALSE,870.5435637998876,15.453205011769851,FALSE,2165.877694235589,-8.206177010104074,3.820182846428155,0.5985154773416879,-2.5157271198686155,3.263076315854474,0.5985154773416879,30.069930069930063,49.24112988005024,12.86870199687223,0.5743549037231962,41.531135232707335,0,100,36.02902283351212,88.6112676956194,100,32.40140855496015,0,44.60248298839723,6.692386042848639,32.48954338892722,32.48954338892722,36,Lower Priority,TRUE
55416,408872.0422052869,0.6004847227640547,3.0073718312080255,9.401031288094064,108420.49927561572,28.89562028466793,7.315730787063003,4015.8636658839982,49.78068920984184,4.846975071189489,-16.448801742919393,-39.780534028686795,255.66666666666663,1883.5830212234705,2026-03-31,187991.91453604077,325960.171743946,468149.7850461441,642728.6895892035,868037.7625288684,680045.8479928277,73.39052721943246,43.62177518236597,TRUE,TRUE,TRUE,TRUE,TRUE,100,Cedar - Isles - Dean,TRUE,468149.7850461441,642728.6895892035,868037.7625288684,FALSE,4015.8636658839982,7.315730787063003,FALSE,1883.5830212234705,0.6004847227640547,0.9925726757981534,1.8132458576804122,0.6004847227640547,0.9925726757981534,1.8132458576804122,-16.448801742919393,28.89562028466793,7.315730787063003,1.0605101877067835,50.84261243395496,50.84383704818518,45.19740113757684,57.43525663143379,36.42838352909157,68.06703896513142,0.06095097342157249,6.48074369189907,31.79566645130419,44.877380209210486,31.211018260122387,31.211018260122387,37,Lower Priority,TRUE
55427,367324.150595057,2.905135378000832,5.6606492490482125,16.45602038575816,85669.61660280974,16.00805185748972,3.1062520574623824,4758.131460195828,34.66849217789668,6.242009365687527,NA,NA,NA,1569.613834422658,2026-03-31,117228.41092823465,299181.9245210397,362110.2048183184,421268.0826478603,486395.1531128302,369166.7421845955,155.21281245055357,21.033449931181703,TRUE,TRUE,FALSE,TRUE,TRUE,66.66666666666666,NA,TRUE,362110.2048183184,421268.0826478603,486395.1531128302,FALSE,4758.131460195828,3.1062520574623824,FALSE,1569.613834422658,2.905135378000832,1.8523588860630325,3.093762291282931,2.905135378000832,1.8523588860630325,3.093762291282931,NA,16.00805185748972,3.1062520574623824,2.531181509546237,79.0108190440452,88.44631347958756,65.94985357029806,80.00078607191162,3.37389122105534,43.859976624885135,NA,NA,17.551877396575247,66.0899450451031,30.181348963325327,30.181348963325327,38,Lower Priority,FALSE
55425,322170.0757372999,-1.2101544336240393,3.3631831243221098,10.59902040980064,76550.25207078313,24.79253125079661,16.352563746325153,4223.72609186747,57.85876926675007,4.6878388554216865,NA,NA,NA,1650.3214296814297,2026-03-31,247929.08156413137,324701.6192141398,339619.5574066933,379797.61593988,426485.38746465,178556.3059005186,30.965523352753532,4.594352879624887,TRUE,TRUE,FALSE,TRUE,TRUE,66.66666666666666,NA,TRUE,339619.5574066933,379797.61593988,426485.38746465,FALSE,4223.72609186747,16.352563746325153,FALSE,1650.3214296814297,-1.2101544336240393,1.1087229452132474,2.035255445797035,-1.2101544336240393,1.1087229452132474,2.035255445797035,NA,24.79253125079661,12.86870199687223,0.528748987766144,40.657631517605374,21.30160857674571,48.000892182568016,61.347556204676955,25.90463533907066,100,NA,NA,21.213325749816672,33.5384070212305,24.65695616379716,24.65695616379716,39,Lower Priority,FALSE
55435,212937.17481750855,-3.9466049812101778,-12.093962471603565,-10.209761149972543,80856.4704121575,14.623376497719908,1.8344378667160048,3715.429887174764,52.5901744939404,4.244853787704352,NA,NA,NA,1929.7619883040936,2026-03-31,132700.60543038524,212452.56544506823,581734.030854167,759780.2152449116,897859.4515347425,765158.8461043573,60.09916816583093,173.81831310696984,TRUE,TRUE,FALSE,TRUE,TRUE,66.66666666666666,NA,FALSE,NA,NA,NA,FALSE,3715.429887174764,1.8344378667160048,FALSE,1929.7619883040936,-3.9466049812101778,-4.205722100163111,-2.1308479931142044,-2.5157271198686155,-0.8799820193099023,-1.4460080489796026,NA,14.6926102657084,1.8344378667160048,-1.593999311922877,0,0,0,0,0,36.546271679872056,NA,NA,33.89066014340482,40.933784938552755,19.895360566584944,19.895360566584944,40,Lower Priority,FALSE
55401,301802.8432543858,0.16811657262246898,-1.2939157584180163,-7.152299336735957,104563,9.212161724616944,41.97096348438187,27.91350015446401,52.43215565796211,3.8,-17.32552464616887,-43.40740884279949,282.3333333333333,1870.5258459196816,2026-03-31,270395.2348747826,414846.5067412442,735800.2606755487,NA,NA,465405.0258007661,53.42226978717118,77.36686912359511,TRUE,TRUE,TRUE,TRUE,TRUE,100,North Loop,FALSE,NA,NA,NA,TRUE,NA,NA,FALSE,1870.5258459196816,0.16811657262246898,-0.43317898367662977,-1.4732333905904338,0.16811657262246898,-0.43317898367662977,-1.4460080489796026,-16.53647403324434,14.6926102657084,NA,-0.4759328052976884,21.414661382700306,43.78935651837244,10.784377131285204,0,0,NA,0,7.5431606905710495,31.203303702039314,41.155591522757284,19.153875897790535,19.153875897790535,41,Lower Priority,TRUE
55414,353475.6115705034,-1.1305425419239394,-3.055097955181662,-2.455139730524724,55158.405827377675,11.402544487574682,7.381281191228249,1964.6461137646547,75.08117725295226,3.5060142935678944,14.62707074293555,-57.75237884073027,561.3333333333333,1601.192086834734,2026-03-31,230241.67710950095,343868.70482777915,351681.47394038056,372564.8428958897,399479.2559129507,169237.57880344978,49.351198768517555,2.2720209786215655,TRUE,TRUE,TRUE,TRUE,TRUE,100,Como / Prospect Park - East River Road / Marcy Holmes,TRUE,351681.47394038056,372564.8428958897,399479.2559129507,FALSE,1964.6461137646547,7.381281191228249,FALSE,1601.192086834734,-1.1305425419239394,-1.028916364520993,-0.49592239360702894,-1.1305425419239394,-0.8799820193099023,-0.49592239360702894,14.62707074293555,14.6926102657084,7.381281191228249,-0.8716632957990968,13.83511722975265,22.600549166509325,0,16.742608891765595,0,68.44399364811825,21.66532187461818,18.658698539176626,18.984482839987603,9.36379857315066,14.165546315734778,14.165546315734778,42,Lower Priority,TRUE
55433,316976.36765910214,3.0344139549194113,8.589218011175968,20.231534288770543,NA,NA,NA,NA,NA,NA,NA,NA,NA,1523.0059523809523,2026-03-31,NA,255552.3141038003,317718.25467233587,354834.8604339557,374387.7951825523,NA,NA,24.326111382143452,TRUE,FALSE,FALSE,TRUE,TRUE,33.33333333333333,NA,TRUE,317718.25467233587,354834.8604339557,374387.7951825523,TRUE,NA,NA,FALSE,1523.0059523809523,3.0344139549194113,2.78480158914316,3.753720221822787,3.0344139549194113,2.78480158914316,3.753720221822787,NA,NA,NA,3.114395575334755,90.1812920512255,90.55561131638558,88.45599825008647,91.63070328365484,NA,NA,NA,NA,15.437425189165102,NA,0.7718712594582552,NA,NA,Insufficient Data,FALSE
55434,332562.86694444943,2.2629680617368084,7.636271092331535,19.648708309250576,NA,NA,NA,NA,NA,NA,NA,NA,NA,1888.3333333333333,2026-03-31,NA,265414.4865822326,327153.10495962907,366943.2495496,422937.6706324091,NA,NA,23.261208976348847,TRUE,FALSE,FALSE,TRUE,TRUE,33.33333333333333,NA,TRUE,327153.10495962907,366943.2495496,422937.6706324091,TRUE,NA,NA,FALSE,1888.3333333333333,2.2629680617368084,2.4832480550469604,3.6529347516355504,2.2629680617368084,2.4832480550469604,3.6529347516355504,NA,NA,NA,2.6985717315355546,82.21689390760247,77.96876829504244,81.17747331268089,89.85464056786118,NA,NA,NA,NA,32.011173088520586,NA,1.6005586544260293,NA,NA,Insufficient Data,FALSE
55432,319163.0172250092,2.0382035343019784,7.897351876390128,19.749837681777183,NA,NA,NA,NA,NA,NA,NA,NA,NA,1476.4029304029302,2026-03-31,130174.91618037802,264448.33544650394,322073.4801146732,357069.16316412325,388028.83043025265,257853.91424987465,103.14845840197724,21.79070046739864,TRUE,FALSE,FALSE,TRUE,TRUE,33.33333333333333,NA,TRUE,322073.4801146732,357069.16316412325,388028.83043025265,TRUE,NA,NA,FALSE,1476.4029304029302,2.0382035343019784,2.566041715236267,3.6704507185710833,2.0382035343019784,2.566041715236267,3.6704507185710833,NA,NA,NA,2.65740060274297,81.42833099420477,74.30153012760957,83.1758439242311,90.16331061471892,NA,NA,NA,NA,13.32319346747398,NA,0.666159673373699,NA,NA,Insufficient Data,FALSE
55448,338499.4860613232,2.474916355357866,7.37343817250782,19.252867843835823,NA,NA,NA,NA,NA,NA,NA,NA,NA,1762,2026-03-31,NA,255586.28615614597,331586.85540536133,380653.84089253127,438124.3135015089,NA,NA,29.735777451996835,TRUE,FALSE,FALSE,TRUE,TRUE,33.33333333333333,NA,TRUE,331586.85540536133,380653.84089253127,438124.3135015089,TRUE,NA,NA,FALSE,1762,2.474916355357866,2.3997634159051096,3.584259658841815,2.474916355357866,2.3997634159051096,3.584259658841815,NA,NA,NA,2.7221910054477507,82.66928090778339,81.42689792412627,79.16242470877224,88.6444336641475,NA,NA,NA,NA,26.2798292935565,NA,1.313991464677825,NA,NA,Insufficient Data,FALSE
